asset_id	game	asset_class	path_or_filename	source_title	source_url	owner	license	h2_status	start_sec	end_sec	has_audio	notes
ant:01_queen:clip	Ant Explorer	video	01_queen.ogv	Planet Ant: Life Inside the Colony (BBC, 2013)	https://www.youtube.com/watch?v=8n0SkIGARuo	BBC (YouTube mirror)	YOUTUBE-STANDARD	BLOCKER	2442	2478	yes	Original audio kept; no in-game attribution; BLOCKER for commercial APK | Teaches queen role; good fit
ant:02_larvae:clip	Ant Explorer	video	02_larvae.ogv	Planet Ant: Life Inside the Colony (BBC, 2013)	https://www.youtube.com/watch?v=8n0SkIGARuo	BBC	YOUTUBE-STANDARD	BLOCKER	2648+2673+2713	2656+2680+2722	yes	Multi-segment concat | Matches nursery star; good fit
ant:03_pupae:clip	Ant Explorer	video	03_pupae.ogv	Where Are the Ants Carrying All Those Leaves? (Deep Look)	https://www.youtube.com/watch?v=-6oKJ5FGk24	Deep Look / KQED / PBS	YOUTUBE-STANDARD	BLOCKER	98+141	113+150	yes	Two-segment concat | Matches pupae & castes; good fit
ant:04_fungus:clip	Ant Explorer	video	04_fungus.ogv	Where Are the Ants Carrying All Those Leaves? (Deep Look)	https://www.youtube.com/watch?v=-6oKJ5FGk24	Deep Look / KQED / PBS	YOUTUBE-STANDARD	BLOCKER	48	78	yes	 | Excellent visual fit
ant:05_forage:clip	Ant Explorer	video	05_forage.ogv	Where Are the Ants Carrying All Those Leaves? (Deep Look)	https://www.youtube.com/watch?v=-6oKJ5FGk24	Deep Look / KQED / PBS	YOUTUBE-STANDARD	BLOCKER	20	50	yes	 | Good fit
ant:06_pheromone:clip	Ant Explorer	video	06_pheromone.ogv	Planet Ant: Life Inside the Colony (BBC, 2013)	https://www.youtube.com/watch?v=8n0SkIGARuo	BBC	YOUTUBE-STANDARD	BLOCKER	3360	3400	yes	 | Good fit
ant:07_soldiers:clip	Ant Explorer	video	07_soldiers.ogv	Planet Ant: Life Inside the Colony (BBC, 2013)	https://www.youtube.com/watch?v=8n0SkIGARuo	BBC	YOUTUBE-STANDARD	BLOCKER	500	522	yes	 | Good fit; review child-safety
ant:08_waste:clip	Ant Explorer	video	08_waste.ogv	Planet Ant: Life Inside the Colony (BBC, 2013)	https://www.youtube.com/watch?v=8n0SkIGARuo	BBC	YOUTUBE-STANDARD	BLOCKER	3120	3150	yes	Metadata/topic mismatch | POOR FIT: star VO/topic say fungus chambers; zone is dump
ant:09_labor:clip	Ant Explorer	video	09_labor.ogv	Where Are the Ants Carrying All Those Leaves? (Deep Look)	https://www.youtube.com/watch?v=-6oKJ5FGk24	Deep Look / KQED / PBS	YOUTUBE-STANDARD	BLOCKER	160	190	yes	 | Good fit
ant:10_bacteria:clip	Ant Explorer	video	10_bacteria.ogv	Where Are the Ants Carrying All Those Leaves? (Deep Look)	https://www.youtube.com/watch?v=-6oKJ5FGk24	Deep Look / KQED / PBS	YOUTUBE-STANDARD	BLOCKER	75	100	yes	 | Reasonable fit; bacteria implicit
ant:11_architecture:clip	Ant Explorer	video	11_architecture.ogv	My Dream Ant Farm: Leafcutter Ants (AntsCanada)	https://www.youtube.com/watch?v=VA_3ul0drnQ	AntsCanada (Frank Mortimer)	YOUTUBE-STANDARD	BLOCKER	120	155	yes	 | MODERATE FIT: VO says desert leafcutters; source is Insectarium Atta
ant:12_invaders:clip	Ant Explorer	video	12_invaders.ogv	Planet Ant: Life Inside the Colony (BBC, 2013)	https://www.youtube.com/watch?v=8n0SkIGARuo	BBC	YOUTUBE-STANDARD	BLOCKER	4490	4520	yes	 | Good fit; content-safety review
solar:sun:opener	Solar System Explorer	video	sun.ogv	NASA | Thermonuclear Art – The Sun In Ultra-HD (4K)	https://www.youtube.com/watch?v=6tmbeLTHC_0	NASA Goddard	NASA-PD-LIKELY	VERIFY	85	97	yes	Verify embedded music | Alive NASA opener
solar:sun:explainer	Solar System Explorer	video	sun.ogv	The Solar System Explained (2026)	https://www.youtube.com/watch?v=1wyr5rWonbE	VectorGlobe (@KnowtheWorld)	YOUTUBE-STANDARD	BLOCKER	8	62	yes	BLOCKER for redistribution; credit channel | Kid explainer; shared VectorGlobe source
solar:mercury:opener	Solar System Explorer	video	mercury.ogv	MESSENGER at Mercury	https://www.youtube.com/watch?v=ENwD31EDFjc	NASA Solar System	NASA-PD-LIKELY	VERIFY	95	107	yes	 | Real mission opener
solar:mercury:explainer	Solar System Explorer	video	mercury.ogv	The Solar System Explained (2026)	https://www.youtube.com/watch?v=1wyr5rWonbE	VectorGlobe	YOUTUBE-STANDARD	BLOCKER	89	145	yes	BLOCKER | Standard VectorGlobe beat
solar:venus:opener	Solar System Explorer	video	venus.ogv	Magellan: Venus False-Color Terrain	https://www.youtube.com/watch?v=yUrIzPRI4GE	NASA SVS	NASA-PD-LIKELY	VERIFY	6	18	yes	 | Real radar opener
solar:venus:explainer	Solar System Explorer	video	venus.ogv	The Solar System Explained (2026)	https://www.youtube.com/watch?v=1wyr5rWonbE	VectorGlobe	YOUTUBE-STANDARD	BLOCKER	145	199	yes	BLOCKER | Standard beat
solar:earth:opener	Solar System Explorer	video	earth.ogv	One Year on Earth – Seen From 1 Million Miles	https://www.youtube.com/watch?v=CFrP6QfbC2g	NASA Goddard	NASA-PD-LIKELY	VERIFY	10	22	yes	 | Iconic Earth opener
solar:earth:explainer	Solar System Explorer	video	earth.ogv	The Solar System Explained (2026)	https://www.youtube.com/watch?v=1wyr5rWonbE	VectorGlobe	YOUTUBE-STANDARD	BLOCKER	199	276	yes	BLOCKER | Longest VectorGlobe beat
solar:mars:opener	Solar System Explorer	video	mars.ogv	Mars in 4K: The Clearest Footage You Will Ever See	https://www.youtube.com/watch?v=Vy_RPd0rblI	ElderFox Documentaries	YOUTUBE-STANDARD	BLOCKER	5	17	yes	HIGH RISK BLOCKER | POOR FIT: labeled Perseverance but third-party aggregator not NASA
solar:mars:explainer	Solar System Explorer	video	mars.ogv	The Solar System Explained (2026)	https://www.youtube.com/watch?v=1wyr5rWonbE	VectorGlobe	YOUTUBE-STANDARD	BLOCKER	276	337	yes	BLOCKER | Standard beat
solar:asteroid_belt:explainer	Solar System Explorer	video	asteroid_belt.ogv	The Solar System Explained (2026)	https://www.youtube.com/watch?v=1wyr5rWonbE	VectorGlobe	YOUTUBE-STANDARD	BLOCKER	337	351	yes	BLOCKER | No opener; always chained
solar:ceres:mission	Solar System Explorer	video	ceres.ogv	Fly Over Dwarf Planet Ceres	https://www.youtube.com/watch?v=uSaLVAl-ObY	NASA JPL	NASA-PD-LIKELY	VERIFY	5	20	yes	 | Real mission; no VectorGlobe
solar:vesta:mission	Solar System Explorer	video	vesta.ogv	Video: Virtual flight over asteroid Vesta (HD)	https://www.dlr.de/en/media/publications/miscellaneous/2012/video-virtual-flight-over-asteroid-vesta-hd_490/@@download/file	DLR (German Aerospace Center)	DLR-COPYRIGHT	BLOCKER	78	93	yes	Not U.S. PD; verify DLR redistribution terms — treat as BLOCKER until cleared | Avoids German title cards
solar:psyche:mission	Solar System Explorer	video	psyche.ogv	JPL-20230929-PSYCHEf-0004-Hype	http://images-assets.nasa.gov/video/JPL-20230929-PSYCHEf-0004-Hype/JPL-20230929-PSYCHEf-0004-Hype~large.mp4	NASA/JPL	NASA-PD-LIKELY	VERIFY	3	13	yes	 | Happening-now story; mostly CGI
solar:jupiter:opener	Solar System Explorer	video	jupiter.ogv	Fly into the Great Red Spot with NASA's Juno	https://www.youtube.com/watch?v=uj3Lq7Gu94Y	NASA	NASA-PD-LIKELY	VERIFY	5	17	yes	 | Dramatic opener
solar:jupiter:explainer	Solar System Explorer	video	jupiter.ogv	The Solar System Explained (2026)	https://www.youtube.com/watch?v=1wyr5rWonbE	VectorGlobe	YOUTUBE-STANDARD	BLOCKER	351	419	yes	BLOCKER | Standard beat
solar:saturn:opener	Solar System Explorer	video	saturn.ogv	Cassini: The Wonder of Saturn	https://www.youtube.com/watch?v=htOoWJmYVtQ	NASA JPL	NASA-PD-LIKELY	VERIFY	28	40	yes	 | Good fit
solar:saturn:explainer	Solar System Explorer	video	saturn.ogv	The Solar System Explained (2026)	https://www.youtube.com/watch?v=1wyr5rWonbE	VectorGlobe	YOUTUBE-STANDARD	BLOCKER	419	487	yes	BLOCKER | Standard beat
solar:uranus:opener	Solar System Explorer	video	uranus.ogv	Voyager II... Encounter with Uranus	https://www.youtube.com/watch?v=1EWTku7Fr0Y	atwaterpub	YOUTUBE-STANDARD	BLOCKER	50	62	yes	HIGH RISK BLOCKER | POOR FIT: third-party repost not NASA channel
solar:uranus:explainer	Solar System Explorer	video	uranus.ogv	The Solar System Explained (2026)	https://www.youtube.com/watch?v=1wyr5rWonbE	VectorGlobe	YOUTUBE-STANDARD	BLOCKER	487	558	yes	BLOCKER | Standard beat
solar:neptune:opener	Solar System Explorer	video	neptune.ogv	Voyager II | Neptune Approach	https://www.youtube.com/watch?v=dthZsl9AkgA	Space9	YOUTUBE-STANDARD	BLOCKER	0	10	yes	HIGH RISK BLOCKER | POOR FIT: third-party; entire source consumed
solar:neptune:explainer	Solar System Explorer	video	neptune.ogv	The Solar System Explained (2026)	https://www.youtube.com/watch?v=1wyr5rWonbE	VectorGlobe	YOUTUBE-STANDARD	BLOCKER	558	630	yes	BLOCKER | Standard beat
solar:pluto:opener	Solar System Explorer	video	pluto.ogv	New Horizons Flyover of Pluto	https://www.youtube.com/watch?v=g1fPhhTT2Oo	NASA Video	NASA-PD-LIKELY	VERIFY	35	47	yes	 | Good fit
solar:pluto:explainer	Solar System Explorer	video	pluto.ogv	The Solar System Explained (2026)	https://www.youtube.com/watch?v=1wyr5rWonbE	VectorGlobe	YOUTUBE-STANDARD	BLOCKER	630	657	yes	BLOCKER | Abrupt vs longer planet clips
garden:01_seeds:clip	Garden Explorer	video	01_seeds.ogv	Ken-Burns pan of in-game portrait/tile art	game/assets/tiles/concepts/01_seeds.png	Project / Sprout Lands-derived portraits	OWN	CLEAR	0	23.3	True	{'pipeline': 'build_edu_videos.py', 'footage_type': 'ken_burns', 'bibliography_youtube_alternate': 'SciShow Kids — How Does A Seed Become A Plant?', 'bibliography_youtube_url': 'https://www.youtube.co
garden:02_soil:clip	Garden Explorer	video	02_soil.ogv	Ken-Burns pan of in-game portrait/tile art	game/assets/tiles/concepts/02_soil.png	Project / Sprout Lands-derived portraits	OWN	CLEAR	0	21.6	True	"{'pipeline': 'build_edu_videos.py', 'footage_type': 'ken_burns', 'bibliography_youtube_alternate': ""SciShow Kids — Let's Plant a Garden!"", 'bibliography_youtube_url': 'https://www.youtube.com/watch?v="
garden:03_planting:clip	Garden Explorer	video	03_planting.ogv	Garden cress timelapse.webm	https://commons.wikimedia.org/wiki/File:Garden_cress_timelapse.webm	Wikimedia Commons contributor	CC-BY-SA	CLEAR	0	18.2	True	{'pipeline': 'build_edu_videos.py', 'footage_type': 'commons', 'bibliography_youtube_alternate': 'Ivan Inspects — Planting Seeds For Kids', 'bibliography_youtube_url': 'https://www.youtube.com/watch?v
garden:04_watering:clip	Garden Explorer	video	04_watering.ogv	Ken-Burns pan of in-game portrait/tile art	game/assets/tiles/concepts/04_watering.png	Project / Sprout Lands-derived portraits	OWN	CLEAR	0	19.2	True	{'pipeline': 'build_edu_videos.py', 'footage_type': 'ken_burns', 'bibliography_youtube_alternate': 'Goally — How to Water the Plants for Kids', 'bibliography_youtube_url': 'https://www.youtube.com/wat
garden:05_sprouting:clip	Garden Explorer	video	05_sprouting.ogv	Mung bean germination.ogv	https://commons.wikimedia.org/wiki/File:Mung_bean_germination.ogv	Wikimedia Commons contributor	CC-BY-SA	CLEAR	0	17.7	True	{'pipeline': 'build_edu_videos.py', 'footage_type': 'commons', 'bibliography_youtube_alternate': 'SciShow Kids — Watch a Seed Sprout!', 'bibliography_youtube_url': 'https://www.youtube.com/watch?v=-rJ
garden:06_sunlight:clip	Garden Explorer	video	06_sunlight.ogv	Heliotropism in Helianthus annuus.webm	https://commons.wikimedia.org/wiki/File:Heliotropism_in_Helianthus_annuus.webm	Wikimedia Commons contributor	CC-BY-SA	CLEAR	0	17.2	True	{'pipeline': 'build_edu_videos.py', 'footage_type': 'commons', 'bibliography_youtube_alternate': 'Dr. Binocs — Photosynthesis', 'bibliography_youtube_url': 'https://www.youtube.com/watch?v=D1Ymc311XS8
garden:07_growing:clip	Garden Explorer	video	07_growing.ogv	Timelapse-Basil-growing.ogv	https://commons.wikimedia.org/wiki/File:Timelapse-Basil-growing.ogv	Wikimedia Commons contributor	CC-BY-SA	CLEAR	0	20.1	True	{'pipeline': 'build_edu_videos.py', 'footage_type': 'commons', 'bibliography_youtube_alternate': 'Goodful — Seed growing time lapses', 'bibliography_youtube_url': 'https://www.youtube.com/watch?v=ECib
garden:08_weeding:clip	Garden Explorer	video	08_weeding.ogv	Ken-Burns pan of in-game portrait/tile art	game/assets/tiles/concepts/08_weeding.png	Project / Sprout Lands-derived portraits	OWN	CLEAR	0	17.7	True	{'pipeline': 'build_edu_videos.py', 'footage_type': 'ken_burns', 'bibliography_youtube_alternate': 'Hand weeding techniques', 'bibliography_youtube_url': 'https://www.youtube.com/watch?v=kcibswxqncI',
garden:09_harvest:clip	Garden Explorer	video	09_harvest.ogv	Harvest (20181008-FPAC-KLS-0011).webm	https://commons.wikimedia.org/wiki/File:Harvest_(20181008-FPAC-KLS-0011).webm	Wikimedia Commons contributor	PD	CLEAR	0	16.3	True	{'pipeline': 'build_edu_videos.py', 'footage_type': 'commons', 'bibliography_youtube_alternate': 'Ivan Inspects — Harvesting A Garden', 'bibliography_youtube_url': 'https://www.youtube.com/watch?v=Bd6
garden:10_seasons:clip	Garden Explorer	video	10_seasons.ogv	One Year. One Tree. One Drone.webm	https://commons.wikimedia.org/wiki/File:One_Year._One_Tree._One_Drone.webm	Wikimedia Commons contributor	CC-BY	CLEAR	0	18.1	True	{'pipeline': 'build_edu_videos.py', 'footage_type': 'commons', 'bibliography_youtube_alternate': 'Scratch Garden — The Seasons Song', 'bibliography_youtube_url': 'https://www.youtube.com/watch?v=H32W-
garden:11_animals:clip	Garden Explorer	video	11_animals.ogv	Ken-Burns pan of in-game portrait/tile art	game/assets/tiles/concepts/11_animals.png	Project / Sprout Lands-derived portraits	OWN	CLEAR	0	17.5	True	{'pipeline': 'build_edu_videos.py', 'footage_type': 'ken_burns', 'bibliography_youtube_alternate': 'Farm Animals for Kids', 'bibliography_youtube_url': 'https://www.youtube.com/watch?v=zFtMamMUAVw', '
garden:12_store:clip	Garden Explorer	video	12_store.ogv	Ken-Burns pan of in-game portrait/tile art	game/assets/tiles/concepts/12_store.png	Project / Sprout Lands-derived portraits	OWN	CLEAR	0	17.4	True	"{'pipeline': 'build_edu_videos.py', 'footage_type': 'ken_burns', 'bibliography_youtube_alternate': ""How we store ONE year's worth of Homegrown Food"", 'bibliography_youtube_url': 'https://www.youtube.c"
garden:intro:clip	Garden Explorer	video	intro.ogv	Recorded playthrough montage	docs/demo/garden_explorer_playthrough.mp4	OWN	OWN	CLEAR	0	62.6	True	{} | build_intro_explainer.py
garden:animal_chicken:clip	Garden Explorer	video	animal_chicken.ogv	Ken-Burns pan of in-game portrait/tile art	game/assets/portraits/animal_chicken_a.png	Project / Sprout Lands-derived portraits	OWN	CLEAR	0	19.0	True	{'footage_type': 'ken_burns'} | Animal education
garden:animal_rabbit:clip	Garden Explorer	video	animal_rabbit.ogv	Pet rabbit eating grass.webm	https://commons.wikimedia.org/wiki/File:Pet_rabbit_eating_grass.webm	Wikimedia Commons contributor	CC-BY-SA	CLEAR	0	20.1	True	{'footage_type': 'commons', 'license_note': 'Commons file-page verification recommended'} | Animal education
garden:animal_pig:clip	Garden Explorer	video	animal_pig.ogv	Pigs eating AppletonFarms Massachusetts 2024-10.webm	https://commons.wikimedia.org/wiki/File:Pigs_eating_AppletonFarms_Massachusetts_2024-10.webm	Wikimedia Commons contributor	CC-BY-SA	CLEAR	0	17.9	True	{'footage_type': 'commons', 'license_note': 'Commons file-page verification recommended'} | Animal education
garden:animal_cow:clip	Garden Explorer	video	animal_cow.ogv	Cow grazing in the farm.webm	https://commons.wikimedia.org/wiki/File:Cow_grazing_in_the_farm.webm	Wikimedia Commons contributor	CC-BY-SA	CLEAR	0	20.7	True	{'footage_type': 'commons', 'license_note': 'Commons file-page verification recommended'} | Animal education
garden:animal_dog:clip	Garden Explorer	video	animal_dog.ogv	Ken-Burns pan of in-game portrait/tile art	game/assets/portraits/animal_dog.png	Project / Sprout Lands-derived portraits	OWN	CLEAR	0	16.2	True	{'footage_type': 'ken_burns'} | Animal education
garden:coop_eggs:clip	Garden Explorer	video	coop_eggs.ogv	coop_eggs.mp4	tools/media_src/footage/coop_eggs.mp4	Undocumented local footage	BLOCKER	BLOCKER	0	19.8	True	{'undocumented_source': 'coop_eggs.mp4'} | Egg collection lesson
garden:bug_ladybug:clip	Garden Explorer	video	bug_ladybug.ogv	2022-06-02 LJUBLJANA Karlovško predmestje COCCINELLIDAE Cucujoidea PIKAPOLONICA.webm	https://commons.wikimedia.org/wiki/File:2022-06-02_LJUBLJANA_Karlovško_predmestje_COCCINELLIDAE_Cucujoidea_PIKAPOLONICA.webm	Wikimedia Commons contributor	CC-BY-SA	CLEAR	0	18.5	True	{'footage_type': 'commons', 'license_note': 'Commons file-page verification recommended'} | Bug education
garden:bug_rolly_polly:clip	Garden Explorer	video	bug_rolly_polly.ogv	Pill woodlouse (Armadillidium vulgare).webm	https://commons.wikimedia.org/wiki/File:Pill_woodlouse_(Armadillidium_vulgare).webm	Wikimedia Commons contributor	CC-BY-SA	CLEAR	0	19.5	True	{'footage_type': 'commons', 'license_note': 'Commons file-page verification recommended'} | Bug education
garden:bug_earthworm:clip	Garden Explorer	video	bug_earthworm.ogv	Ver qui s'enfouit cropped.webm	https://commons.wikimedia.org/wiki/File:Ver_qui_s'enfouit_cropped.webm	Wikimedia Commons contributor	CC-BY-SA	CLEAR	0	18.1	True	{'footage_type': 'commons', 'license_note': 'Commons file-page verification recommended'} | Bug education
garden:bug_honeybee:clip	Garden Explorer	video	bug_honeybee.ogv	Bee on crocus.ogv	https://commons.wikimedia.org/wiki/File:Bee_on_crocus.ogv	Wikimedia Commons contributor	CC-BY-SA	CLEAR	0	19.1	True	{'footage_type': 'commons', 'license_note': 'Commons file-page verification recommended'} | Bug education
garden:bug_butterfly:clip	Garden Explorer	video	bug_butterfly.ogv	Butterfly resting on flower.webm	https://commons.wikimedia.org/wiki/File:Butterfly_resting_on_flower.webm	Wikimedia Commons contributor	CC-BY-SA	CLEAR	0	19.6	True	{'footage_type': 'commons', 'license_note': 'Commons file-page verification recommended'} | Bug education
garden:bug_ant:clip	Garden Explorer	video	bug_ant.ogv	Ants on dandelion.webm	https://commons.wikimedia.org/wiki/File:Ants_on_dandelion.webm	Wikimedia Commons contributor	CC-BY-SA	CLEAR	0	20.0	True	{'footage_type': 'commons', 'license_note': 'Commons file-page verification recommended'} | Bug education
garden:bug_aphid:clip	Garden Explorer	video	bug_aphid.ogv	Ken-Burns pan of in-game portrait/tile art	game/assets/portraits/bug_aphid.png	Project / Sprout Lands-derived portraits	OWN	CLEAR	0	19.8	True	{'footage_type': 'ken_burns'} | Bug education
garden:bug_caterpillar:clip	Garden Explorer	video	bug_caterpillar.ogv	Time-lapse of a caterpillar eating a basil.ogv	https://commons.wikimedia.org/wiki/File:Time-lapse_of_a_caterpillar_eating_a_basil.ogv	Wikimedia Commons contributor	CC-BY-SA	CLEAR	0	18.6	True	{'footage_type': 'commons', 'license_note': 'Commons file-page verification recommended'} | Bug education
garden:bug_spider:clip	Garden Explorer	video	bug_spider.ogv	Garden spider in the UK.webm	https://commons.wikimedia.org/wiki/File:Garden_spider_in_the_UK.webm	Wikimedia Commons contributor	CC-BY-SA	CLEAR	0	19.7	True	{'footage_type': 'commons', 'license_note': 'Commons file-page verification recommended'} | Bug education
garden:bug_grasshopper:clip	Garden Explorer	video	bug_grasshopper.ogv	Rammeihippus dinaricus -- Dinarian Grasshopper.webm	https://commons.wikimedia.org/wiki/File:Rammeihippus_dinaricus_--_Dinarian_Grasshopper.webm	Wikimedia Commons contributor	CC-BY-SA	CLEAR	0	15.5	True	{'footage_type': 'commons', 'license_note': 'Commons file-page verification recommended'} | Bug education
garden:bug_snail:clip	Garden Explorer	video	bug_snail.ogv	Snail crawling on a leaf in Asuka Village, Nara, Japan (May 2025).webm	https://commons.wikimedia.org/wiki/File:Snail_crawling_on_a_leaf_in_Asuka_Village,_Nara,_Japan_(May_2025).webm	Wikimedia Commons contributor	CC-BY-SA	CLEAR	0	16.5	True	{'footage_type': 'commons', 'license_note': 'Commons file-page verification recommended'} | Bug education
garden:bug_praying_mantis:clip	Garden Explorer	video	bug_praying_mantis.ogv	Praying mantis (Mantis religiosa) in Quebec.webm	https://commons.wikimedia.org/wiki/File:Praying_mantis_(Mantis_religiosa)_in_Quebec.webm	Wikimedia Commons contributor	CC-BY-SA	CLEAR	0	21.6	True	{'footage_type': 'commons', 'license_note': 'Commons file-page verification recommended'} | Bug education
garden:lettuce_harvest:clip	Garden Explorer	video	lettuce_harvest.ogv	Lettuce Harvest (34781274543).jpg	https://upload.wikimedia.org/wikipedia/commons/0/05/Lettuce_Harvest_%2834781274543%29.jpg?utm_source=commons.wikimedia.org&utm_campaign=imageinfo&utm_content=original	Wikimedia Commons contributor	PD	CLEAR	0	15.3	True	{'source_kind': 'photo', 'hand_pick': True, 'vo': 'ElevenLabs'} | First-harvest ceremony for Lettuce
garden:pea_harvest:clip	Garden Explorer	video	pea_harvest.ogv	Black-eyed pea pods on plant in Hong Kong.jpg	https://upload.wikimedia.org/wikipedia/commons/5/52/Black-eyed_pea_pods_on_plant_in_Hong_Kong.jpg?utm_source=commons.wikimedia.org&utm_campaign=imageinfo&utm_content=original	Wikimedia Commons contributor	CC-BY-SA	CLEAR	0	16.2	True	{'source_kind': 'photo', 'hand_pick': False, 'vo': 'ElevenLabs'} | First-harvest ceremony for Pea — POOR FIT: Black-eyed pea photo
garden:radish_harvest:clip	Garden Explorer	video	radish_harvest.ogv	PH-02- Radish Ground Harvest (KSC-20201214-PH-KLS01 0017).jpg	https://upload.wikimedia.org/wikipedia/commons/f/f0/PH-02-_Radish_Ground_Harvest_%28KSC-20201214-PH-KLS01_0017%29.jpg?utm_source=commons.wikimedia.org&utm_campaign=imageinfo&utm_content=original	Wikimedia Commons contributor	PD	CLEAR	0	18.2	True	{'source_kind': 'photo', 'hand_pick': True, 'vo': 'ElevenLabs'} | First-harvest ceremony for Radish
garden:carrot_harvest:clip	Garden Explorer	video	carrot_harvest.ogv	Carrot Harvest (2079531862).jpg	https://upload.wikimedia.org/wikipedia/commons/d/d4/Carrot_Harvest_%282079531862%29.jpg?utm_source=commons.wikimedia.org&utm_campaign=imageinfo&utm_content=original	Wikimedia Commons contributor	CC-BY	CLEAR	0	16.9	True	{'source_kind': 'photo', 'hand_pick': True, 'vo': 'ElevenLabs'} | First-harvest ceremony for Carrot
garden:spinach_harvest:clip	Garden Explorer	video	spinach_harvest.ogv	Harvesting spinach - geograph.org.uk - 3012198.jpg	https://upload.wikimedia.org/wikipedia/commons/6/69/Harvesting_spinach_-_geograph.org.uk_-_3012198.jpg?utm_source=commons.wikimedia.org&utm_campaign=imageinfo&utm_content=original	Wikimedia Commons contributor	CC-BY-SA	CLEAR	0	15.1	True	{'source_kind': 'photo', 'hand_pick': True, 'vo': 'ElevenLabs'} | First-harvest ceremony for Spinach
garden:onion_harvest:clip	Garden Explorer	video	onion_harvest.ogv	Onion harvest in Bavaria 1.jpg	https://upload.wikimedia.org/wikipedia/commons/4/42/Onion_harvest_in_Bavaria_1.jpg?utm_source=commons.wikimedia.org&utm_campaign=imageinfo&utm_content=original	Wikimedia Commons contributor	CC-BY	CLEAR	0	16.1	True	{'source_kind': 'photo', 'hand_pick': True, 'vo': 'ElevenLabs'} | First-harvest ceremony for Onion
garden:cabbage_harvest:clip	Garden Explorer	video	cabbage_harvest.ogv	Recently harvested cabbage field - geograph.org.uk - 2252180.jpg	https://upload.wikimedia.org/wikipedia/commons/2/26/Recently_harvested_cabbage_field_-_geograph.org.uk_-_2252180.jpg?utm_source=commons.wikimedia.org&utm_campaign=imageinfo&utm_content=original	Wikimedia Commons contributor	CC-BY-SA	CLEAR	0	16.2	True	{'source_kind': 'photo', 'hand_pick': False, 'vo': 'ElevenLabs'} | First-harvest ceremony for Cabbage
garden:strawberry_harvest:clip	Garden Explorer	video	strawberry_harvest.ogv	Aardbeien.ogv	https://upload.wikimedia.org/wikipedia/commons/e/ea/Aardbeien.ogv?utm_source=commons.wikimedia.org&utm_campaign=imageinfo&utm_content=original	Wikimedia Commons contributor	CC-BY-SA	CLEAR	0	15.7	True	{'source_kind': 'video', 'hand_pick': True, 'vo': 'ElevenLabs'} | First-harvest ceremony for Strawberry
garden:tomato_harvest:clip	Garden Explorer	video	tomato_harvest.ogv	A farmer explaining a good tomato harvest.webm	https://upload.wikimedia.org/wikipedia/commons/5/50/A_farmer_explaining_a_good_tomato_harvest.webm?utm_source=commons.wikimedia.org&utm_campaign=imageinfo&utm_content=original	Wikimedia Commons contributor	CC-BY	CLEAR	0	18.1	True	{'source_kind': 'video', 'hand_pick': True, 'vo': 'ElevenLabs'} | First-harvest ceremony for Tomato
garden:corn_harvest:clip	Garden Explorer	video	corn_harvest.ogv	Aerial view of corn harvesting in Northern Illinois USA.webm	https://upload.wikimedia.org/wikipedia/commons/8/8e/Aerial_view_of_corn_harvesting_in_Northern_Illinois_USA.webm?utm_source=commons.wikimedia.org&utm_campaign=imageinfo&utm_content=original	Wikimedia Commons contributor	CC-BY	CLEAR	0	16.1	True	{'source_kind': 'video', 'hand_pick': True, 'vo': 'ElevenLabs'} | First-harvest ceremony for Corn
garden:cucumber_harvest:clip	Garden Explorer	video	cucumber_harvest.ogv	A unique combine to harvest cucumbers was displayed for the press (FL45798464).jpg	https://upload.wikimedia.org/wikipedia/commons/0/03/A_unique_combine_to_harvest_cucumbers_was_displayed_for_the_press_%28FL45798464%29.jpg?utm_source=commons.wikimedia.org&utm_campaign=imageinfo&utm_content=original	Wikimedia Commons contributor	CC-BY	CLEAR	0	15.8	True	{'source_kind': 'photo', 'hand_pick': False, 'vo': 'ElevenLabs'} | First-harvest ceremony for Cucumber — POOR FIT: Machinery press photo
garden:bean_harvest:clip	Garden Explorer	video	bean_harvest.ogv	Black-eyed pea pods on plant in Hong Kong.jpg	https://upload.wikimedia.org/wikipedia/commons/5/52/Black-eyed_pea_pods_on_plant_in_Hong_Kong.jpg?utm_source=commons.wikimedia.org&utm_campaign=imageinfo&utm_content=original	Wikimedia Commons contributor	CC-BY-SA	CLEAR	0	17.0	True	{'source_kind': 'photo', 'hand_pick': False, 'vo': 'ElevenLabs'} | First-harvest ceremony for Bean — POOR FIT: Reused black-eyed pea photo
garden:bell_pepper_harvest:clip	Garden Explorer	video	bell_pepper_harvest.ogv	Starr-200618-7750-Capsicum annuum-red bell pepper harvest from veggie garden-Hawea Pl Olinda-Maui (50336358332).jpg	https://upload.wikimedia.org/wikipedia/commons/7/74/Starr-200618-7750-Capsicum_annuum-red_bell_pepper_harvest_from_veggie_garden-Hawea_Pl_Olinda-Maui_%2850336358332%29.jpg?utm_source=commons.wikimedia.org&utm_campaign=imageinfo&utm_content=original	Wikimedia Commons contributor	CC-BY	CLEAR	0	17.5	True	{'source_kind': 'photo', 'hand_pick': False, 'vo': 'ElevenLabs'} | First-harvest ceremony for Bell Pepper
garden:zucchini_harvest:clip	Garden Explorer	video	zucchini_harvest.ogv	Zucchini Mulchfolie zu Kulturende-Josef Schlaghecken.jpg	https://upload.wikimedia.org/wikipedia/commons/b/b0/Zucchini_Mulchfolie_zu_Kulturende-Josef_Schlaghecken.jpg?utm_source=commons.wikimedia.org&utm_campaign=imageinfo&utm_content=original	Wikimedia Commons contributor	CC-BY-SA	CLEAR	0	16.9	True	{'source_kind': 'photo', 'hand_pick': False, 'vo': 'ElevenLabs'} | First-harvest ceremony for Zucchini
garden:melon_harvest:clip	Garden Explorer	video	melon_harvest.ogv	Drukte bij de fruitoogst in het Westland Weeknummer 42-33 - Open Beelden - 14138.ogv	https://upload.wikimedia.org/wikipedia/commons/0/08/Drukte_bij_de_fruitoogst_in_het_Westland_Weeknummer_42-33_-_Open_Beelden_-_14138.ogv?utm_source=commons.wikimedia.org&utm_campaign=imageinfo&utm_content=original	Wikimedia Commons contributor	CC-BY-SA	CLEAR	0	19.5	True	{'source_kind': 'video', 'hand_pick': True, 'vo': 'ElevenLabs'} | First-harvest ceremony for Melon
garden:eggplant_harvest:clip	Garden Explorer	video	eggplant_harvest.ogv	20160805-AMS-LSC-9000-Farmers Market-Food Demo-Roasted Eggplant Dip.webm	https://upload.wikimedia.org/wikipedia/commons/b/b9/20160805-AMS-LSC-9000-Farmers_Market-Food_Demo-Roasted_Eggplant_Dip.webm?utm_source=commons.wikimedia.org&utm_campaign=imageinfo&utm_content=original	Wikimedia Commons contributor	PD	CLEAR	0	16.0	True	{'source_kind': 'video', 'hand_pick': False, 'vo': 'ElevenLabs'} | First-harvest ceremony for Eggplant — POOR FIT: Food demo not harvest
garden:pumpkin_harvest:clip	Garden Explorer	video	pumpkin_harvest.ogv	Pie Pumpkin Harvest near Princeville, Illinois USA.jpg	https://upload.wikimedia.org/wikipedia/commons/a/ad/Pie_Pumpkin_Harvest_near_Princeville%2C_Illinois_USA.jpg?utm_source=commons.wikimedia.org&utm_campaign=imageinfo&utm_content=original	Wikimedia Commons contributor	CC-BY-SA	CLEAR	0	15.6	True	{'source_kind': 'photo', 'hand_pick': True, 'vo': 'ElevenLabs'} | First-harvest ceremony for Pumpkin
garden:potato_harvest:clip	Garden Explorer	video	potato_harvest.ogv	Harvest (20181008-FPAC-KLS-0002).webm	https://upload.wikimedia.org/wikipedia/commons/9/95/Harvest_%2820181008-FPAC-KLS-0002%29.webm?utm_source=commons.wikimedia.org&utm_campaign=imageinfo&utm_content=original	Wikimedia Commons contributor	PD	CLEAR	0	15.8	True	{'source_kind': 'video', 'hand_pick': True, 'vo': 'ElevenLabs'} | First-harvest ceremony for Potato
garden:broccoli_harvest:clip	Garden Explorer	video	broccoli_harvest.ogv	-2018-12-25 Broccoli for Christmas.JPG	https://upload.wikimedia.org/wikipedia/commons/a/a5/-2018-12-25_Broccoli_for_Christmas.JPG?utm_source=commons.wikimedia.org&utm_campaign=imageinfo&utm_content=original	Wikimedia Commons contributor	CC-BY-SA	CLEAR	0	15.2	True	{'source_kind': 'photo', 'hand_pick': False, 'vo': 'ElevenLabs'} | First-harvest ceremony for Broccoli — POOR FIT: Holiday still-life
garden:cauliflower_harvest:clip	Garden Explorer	video	cauliflower_harvest.ogv	Cauliflower harvesting - geograph.org.uk - 2835354.jpg	https://upload.wikimedia.org/wikipedia/commons/6/62/Cauliflower_harvesting_-_geograph.org.uk_-_2835354.jpg?utm_source=commons.wikimedia.org&utm_campaign=imageinfo&utm_content=original	Wikimedia Commons contributor	CC-BY-SA	CLEAR	0	15.5	True	{'source_kind': 'photo', 'hand_pick': False, 'vo': 'ElevenLabs'} | First-harvest ceremony for Cauliflower
garden:grape_harvest:clip	Garden Explorer	video	grape_harvest.ogv	Grape harvest in Chateaux Luna vineyard 2.jpg	https://upload.wikimedia.org/wikipedia/commons/d/d0/Grape_harvest_in_Chateaux_Luna_vineyard_2.jpg?utm_source=commons.wikimedia.org&utm_campaign=imageinfo&utm_content=original	Wikimedia Commons contributor	CC0	CLEAR	0	16.0	True	{'source_kind': 'photo', 'hand_pick': True, 'vo': 'ElevenLabs'} | First-harvest ceremony for Grape
garden:raspberry_harvest:clip	Garden Explorer	video	raspberry_harvest.ogv	Raspberry plant.jpg	https://upload.wikimedia.org/wikipedia/commons/8/87/Raspberry_plant.jpg?utm_source=commons.wikimedia.org&utm_campaign=imageinfo&utm_content=original	Wikimedia Commons contributor	CC-BY-SA	CLEAR	0	15.6	True	{'source_kind': 'photo', 'hand_pick': True, 'vo': 'ElevenLabs'} | First-harvest ceremony for Raspberry — POOR FIT: Static plant photo
garden:turnip_harvest:clip	Garden Explorer	video	turnip_harvest.ogv	Turnip Harvest (34313320884).jpg	https://upload.wikimedia.org/wikipedia/commons/d/db/Turnip_Harvest_%2834313320884%29.jpg?utm_source=commons.wikimedia.org&utm_campaign=imageinfo&utm_content=original	Wikimedia Commons contributor	PD	CLEAR	0	13.9	True	{'source_kind': 'photo', 'hand_pick': True, 'vo': 'ElevenLabs'} | First-harvest ceremony for Turnip
garden:celery_harvest:clip	Garden Explorer	video	celery_harvest.ogv	-2021-11-04 Harvested celery head, Trimingham, Norfolk.JPG	https://upload.wikimedia.org/wikipedia/commons/d/d6/-2021-11-04_Harvested_celery_head%2C_Trimingham%2C_Norfolk.JPG?utm_source=commons.wikimedia.org&utm_campaign=imageinfo&utm_content=original	Wikimedia Commons contributor	CC-BY-SA	CLEAR	0	14.9	True	{'source_kind': 'photo', 'hand_pick': False, 'vo': 'ElevenLabs'} | First-harvest ceremony for Celery
garden:garlic_harvest:clip	Garden Explorer	video	garlic_harvest.ogv	Harvesting Garlic.jpg	https://upload.wikimedia.org/wikipedia/commons/d/d4/Harvesting_Garlic.jpg?utm_source=commons.wikimedia.org&utm_campaign=imageinfo&utm_content=original	Wikimedia Commons contributor	CC-BY-SA	CLEAR	0	17.2	True	{'source_kind': 'photo', 'hand_pick': False, 'vo': 'ElevenLabs'} | First-harvest ceremony for Garlic
garden:leek_harvest:clip	Garden Explorer	video	leek_harvest.ogv	00 3674. Allium giganteum - Riesen-Lauch.jpg	https://upload.wikimedia.org/wikipedia/commons/b/ba/00_3674._Allium_giganteum_-_Riesen-Lauch.jpg?utm_source=commons.wikimedia.org&utm_campaign=imageinfo&utm_content=original	Wikimedia Commons contributor	CC-BY-SA	CLEAR	0	16.0	True	{'source_kind': 'photo', 'hand_pick': False, 'vo': 'ElevenLabs'} | First-harvest ceremony for Leek — POOR FIT: Ornamental allium
garden:kale_harvest:clip	Garden Explorer	video	kale_harvest.ogv	Marrow kale harvesting 1960 (JOKAMT2Ju05-1).tif	https://upload.wikimedia.org/wikipedia/commons/e/e2/Marrow_kale_harvesting_1960_%28JOKAMT2Ju05-1%29.tif?utm_source=commons.wikimedia.org&utm_campaign=imageinfo&utm_content=original	Wikimedia Commons contributor	CC-BY	CLEAR	0	15.0	True	{'source_kind': 'photo', 'hand_pick': False, 'vo': 'ElevenLabs'} | First-harvest ceremony for Kale
garden:artichoke_harvest:clip	Garden Explorer	video	artichoke_harvest.ogv	Artichoke harvest.jpg	https://upload.wikimedia.org/wikipedia/commons/6/68/Artichoke_harvest.jpg?utm_source=commons.wikimedia.org&utm_campaign=imageinfo&utm_content=original	Wikimedia Commons contributor	CC-BY	CLEAR	0	13.6	True	{'source_kind': 'photo', 'hand_pick': False, 'vo': 'ElevenLabs'} | First-harvest ceremony for Artichoke
garden:wheat_harvest:clip	Garden Explorer	video	wheat_harvest.ogv	Harvest (20180715-FPAC-KLS-0001).webm	https://upload.wikimedia.org/wikipedia/commons/0/09/Harvest_%2820180715-FPAC-KLS-0001%29.webm?utm_source=commons.wikimedia.org&utm_campaign=imageinfo&utm_content=original	Wikimedia Commons contributor	PD	CLEAR	0	17.3	True	{'source_kind': 'video', 'hand_pick': True, 'vo': 'ElevenLabs'} | First-harvest ceremony for Wheat
garden:chili_harvest:clip	Garden Explorer	video	chili_harvest.ogv	Chili-Harvest-2012.jpg	https://upload.wikimedia.org/wikipedia/commons/c/c6/Chili-Harvest-2012.jpg?utm_source=commons.wikimedia.org&utm_campaign=imageinfo&utm_content=original	Wikimedia Commons contributor	CC-BY-SA	CLEAR	0	18.4	True	{'source_kind': 'photo', 'hand_pick': False, 'vo': 'ElevenLabs'} | First-harvest ceremony for Chili Pepper
garden:blueberry_harvest:clip	Garden Explorer	video	blueberry_harvest.ogv	Blueberries in harvest season.jpg	https://upload.wikimedia.org/wikipedia/commons/e/e7/Blueberries_in_harvest_season.jpg?utm_source=commons.wikimedia.org&utm_campaign=imageinfo&utm_content=original	Wikimedia Commons contributor	CC-BY-SA	CLEAR	0	19.0	True	{'source_kind': 'photo', 'hand_pick': False, 'vo': 'ElevenLabs'} | First-harvest ceremony for Blueberry
garden:oats_harvest:clip	Garden Explorer	video	oats_harvest.ogv	Avena fatua - weedy oats - 53334392371.jpg	https://upload.wikimedia.org/wikipedia/commons/d/d8/Avena_fatua_-_weedy_oats_-_53334392371.jpg?utm_source=commons.wikimedia.org&utm_campaign=imageinfo&utm_content=original	Wikimedia Commons contributor	CC-BY-SA	CLEAR	0	17.0	True	{'source_kind': 'photo', 'hand_pick': False, 'vo': 'ElevenLabs'} | First-harvest ceremony for Oats — POOR FIT: Weedy oats
fleet:elevenlabs_vo	All games	voiceover	game/*/audio or tools VO	ElevenLabs baked WAVs	https://elevenlabs.io	ElevenLabs	VERIFY-COMMERCIAL	VERIFY			yes	Confirm commercial tier + voice rights
fleet:sprout_lands	Ant/Garden	tileset	Sprout Lands	Sprout Lands asset pack		Cup Nooble / store	VERIFY-LICENSE	VERIFY			no	Confirm commercial purchase
fleet:kenney	Math/UI	ui_art	Kenney packs	Kenney.nl	https://kenney.nl	Kenney	CC0-LIKELY	VERIFY			no	Confirm each pack
fleet:fonts	All	font	JetBrains Mono etc.				VERIFY	VERIFY			no	Confirm OFL/commercial
fleet:music	Garden etc.	music	Music.gd tracks				AUDIT	VERIFY			yes	Confirm each track
fleet:asr_model	Language hub	ml_model	asr_server	Whisper or equiv			VERIFY-MODEL	VERIFY			n/a	Confirm commercial use of model weights
