game	clip_id	filename	segment_role	place_in_game	source_title	source_url	video_id	owner_or_channel	licensing_status	start_time_sec	end_time_sec	duration_sec	what_happens	why_used	has_audio	other_factors
Ant Explorer	01_queen	01_queen.ogv		Queen chamber — first discovery / star rail re-watch	Planet Ant: Life Inside the Colony (BBC, 2013)	https://www.youtube.com/watch?v=8n0SkIGARuo	8n0SkIGARuo	BBC (YouTube mirror)	YOUTUBE-STANDARD	2442	2478	36	Leafcutter queen close-up and egg-laying	Teaches queen role; good fit	yes	Original audio kept; no in-game attribution; BLOCKER for commercial APK
Ant Explorer	02_larvae	02_larvae.ogv		Nursery — discovery / re-watch	Planet Ant: Life Inside the Colony (BBC, 2013)	https://www.youtube.com/watch?v=8n0SkIGARuo	8n0SkIGARuo	BBC	YOUTUBE-STANDARD	2648+2673+2713	2656+2680+2722	24	Three concatenated larva B-roll segments	Matches nursery star; good fit	yes	Multi-segment concat
Ant Explorer	03_pupae	03_pupae.ogv		Pupa room — discovery / re-watch	Where Are the Ants Carrying All Those Leaves? (Deep Look)	https://www.youtube.com/watch?v=-6oKJ5FGk24	-6oKJ5FGk24	Deep Look / KQED / PBS	YOUTUBE-STANDARD	98+141	113+150	24	Pupae close-up and caste size comparison	Matches pupae & castes; good fit	yes	Two-segment concat
Ant Explorer	04_fungus	04_fungus.ogv		Fungus garden A — discovery / re-watch	Where Are the Ants Carrying All Those Leaves? (Deep Look)	https://www.youtube.com/watch?v=-6oKJ5FGk24	-6oKJ5FGk24	Deep Look / KQED / PBS	YOUTUBE-STANDARD	48	78	30	Fungus garden cultivation imagery	Excellent visual fit	yes	
Ant Explorer	05_forage	05_forage.ogv		Outdoor surface — discovery / re-watch	Where Are the Ants Carrying All Those Leaves? (Deep Look)	https://www.youtube.com/watch?v=-6oKJ5FGk24	-6oKJ5FGk24	Deep Look / KQED / PBS	YOUTUBE-STANDARD	20	50	30	Leaf cutting and foraging trails	Good fit	yes	
Ant Explorer	06_pheromone	06_pheromone.ogv		Entrance — discovery / re-watch	Planet Ant: Life Inside the Colony (BBC, 2013)	https://www.youtube.com/watch?v=8n0SkIGARuo	8n0SkIGARuo	BBC	YOUTUBE-STANDARD	3360	3400	40	Pheromone Y-trail scent experiment	Good fit	yes	
Ant Explorer	07_soldiers	07_soldiers.ogv		Soldier outpost — discovery / re-watch	Planet Ant: Life Inside the Colony (BBC, 2013)	https://www.youtube.com/watch?v=8n0SkIGARuo	8n0SkIGARuo	BBC	YOUTUBE-STANDARD	500	522	22	Soldier ant biting presenter hand	Good fit; review child-safety	yes	
Ant Explorer	08_waste	08_waste.ogv		Dump chamber — discovery / re-watch	Planet Ant: Life Inside the Colony (BBC, 2013)	https://www.youtube.com/watch?v=8n0SkIGARuo	8n0SkIGARuo	BBC	YOUTUBE-STANDARD	3120	3150	30	Refuse / waste-management imagery	POOR FIT: star VO/topic say fungus chambers; zone is dump	yes	Metadata/topic mismatch
Ant Explorer	09_labor	09_labor.ogv		Garden B — discovery / re-watch	Where Are the Ants Carrying All Those Leaves? (Deep Look)	https://www.youtube.com/watch?v=-6oKJ5FGk24	-6oKJ5FGk24	Deep Look / KQED / PBS	YOUTUBE-STANDARD	160	190	30	Workers slicing and carrying leaf pieces	Good fit	yes	
Ant Explorer	10_bacteria	10_bacteria.ogv		Hygiene room — discovery / re-watch	Where Are the Ants Carrying All Those Leaves? (Deep Look)	https://www.youtube.com/watch?v=-6oKJ5FGk24	-6oKJ5FGk24	Deep Look / KQED / PBS	YOUTUBE-STANDARD	75	100	25	Fungus garden tending / hygiene	Reasonable fit; bacteria implicit	yes	
Ant Explorer	11_architecture	11_architecture.ogv		Deep tunnels — discovery / re-watch	My Dream Ant Farm: Leafcutter Ants (AntsCanada)	https://www.youtube.com/watch?v=VA_3ul0drnQ	VA_3ul0drnQ	AntsCanada (Frank Mortimer)	YOUTUBE-STANDARD	120	155	35	Clear-chamber nest architecture in captive exhibit	MODERATE FIT: VO says desert leafcutters; source is Insectarium Atta	yes	
Ant Explorer	12_invaders	12_invaders.ogv		Invasion clearing — discovery / re-watch	Planet Ant: Life Inside the Colony (BBC, 2013)	https://www.youtube.com/watch?v=8n0SkIGARuo	8n0SkIGARuo	BBC	YOUTUBE-STANDARD	4490	4520	30	Nest defense combat / swarm response	Good fit; content-safety review	yes	
Solar System Explorer	sun	sun.ogv	opener	Learn more from Sun orbit	NASA | Thermonuclear Art – The Sun In Ultra-HD (4K)	https://www.youtube.com/watch?v=6tmbeLTHC_0	6tmbeLTHC_0	NASA Goddard	NASA-PD-LIKELY	85	97	12	SDO ultra-HD solar surface	Alive NASA opener	yes	Verify embedded music
Solar System Explorer	sun	sun.ogv	explainer	Learn more from Sun orbit	The Solar System Explained (2026)	https://www.youtube.com/watch?v=1wyr5rWonbE	1wyr5rWonbE	VectorGlobe (@KnowtheWorld)	YOUTUBE-STANDARD	8	62	54	Narrated Sun animation facts	Kid explainer; shared VectorGlobe source	yes	BLOCKER for redistribution; credit channel
Solar System Explorer	mercury	mercury.ogv	opener	Learn more from Mercury orbit	MESSENGER at Mercury	https://www.youtube.com/watch?v=ENwD31EDFjc	ENwD31EDFjc	NASA Solar System	NASA-PD-LIKELY	95	107	12	MESSENGER false-color globe	Real mission opener	yes	
Solar System Explorer	mercury	mercury.ogv	explainer	Learn more from Mercury orbit	The Solar System Explained (2026)	https://www.youtube.com/watch?v=1wyr5rWonbE	1wyr5rWonbE	VectorGlobe	YOUTUBE-STANDARD	89	145	56	Mercury explainer	Standard VectorGlobe beat	yes	BLOCKER
Solar System Explorer	venus	venus.ogv	opener	Learn more from Venus orbit	Magellan: Venus False-Color Terrain	https://www.youtube.com/watch?v=yUrIzPRI4GE	yUrIzPRI4GE	NASA SVS	NASA-PD-LIKELY	6	18	12	Magellan radar map flyover	Real radar opener	yes	
Solar System Explorer	venus	venus.ogv	explainer	Learn more from Venus orbit	The Solar System Explained (2026)	https://www.youtube.com/watch?v=1wyr5rWonbE	1wyr5rWonbE	VectorGlobe	YOUTUBE-STANDARD	145	199	54	Venus explainer	Standard beat	yes	BLOCKER
Solar System Explorer	earth	earth.ogv	opener	Learn more from Earth orbit	One Year on Earth – Seen From 1 Million Miles	https://www.youtube.com/watch?v=CFrP6QfbC2g	CFrP6QfbC2g	NASA Goddard	NASA-PD-LIKELY	10	22	12	DSCOVR/EPIC blue marble	Iconic Earth opener	yes	
Solar System Explorer	earth	earth.ogv	explainer	Learn more from Earth orbit	The Solar System Explained (2026)	https://www.youtube.com/watch?v=1wyr5rWonbE	1wyr5rWonbE	VectorGlobe	YOUTUBE-STANDARD	199	276	77	Earth explainer	Longest VectorGlobe beat	yes	BLOCKER
Solar System Explorer	mars	mars.ogv	opener	Learn more from Mars orbit	Mars in 4K: The Clearest Footage You Will Ever See	https://www.youtube.com/watch?v=Vy_RPd0rblI	Vy_RPd0rblI	ElderFox Documentaries	YOUTUBE-STANDARD	5	17	12	4K Mars surface/rover-style footage	POOR FIT: labeled Perseverance but third-party aggregator not NASA	yes	HIGH RISK BLOCKER
Solar System Explorer	mars	mars.ogv	explainer	Learn more from Mars orbit	The Solar System Explained (2026)	https://www.youtube.com/watch?v=1wyr5rWonbE	1wyr5rWonbE	VectorGlobe	YOUTUBE-STANDARD	276	337	61	Mars explainer	Standard beat	yes	BLOCKER
Solar System Explorer	asteroid_belt	asteroid_belt.ogv	explainer	Chained after Ceres/Vesta/Psyche Learn more	The Solar System Explained (2026)	https://www.youtube.com/watch?v=1wyr5rWonbE	1wyr5rWonbE	VectorGlobe	YOUTUBE-STANDARD	337	351	14	Asteroid belt short beat	No opener; always chained	yes	BLOCKER
Solar System Explorer	ceres	ceres.ogv	mission	Learn more from Ceres then chain to belt	Fly Over Dwarf Planet Ceres	https://www.youtube.com/watch?v=uSaLVAl-ObY	uSaLVAl-ObY	NASA JPL	NASA-PD-LIKELY	5	20	15	Dawn flyover including bright spots	Real mission; no VectorGlobe	yes	
Solar System Explorer	vesta	vesta.ogv	mission	Learn more from Vesta then chain to belt	Video: Virtual flight over asteroid Vesta (HD)	https://www.dlr.de/en/media/publications/miscellaneous/2012/video-virtual-flight-over-asteroid-vesta-hd_490/@@download/file		DLR (German Aerospace Center)	DLR-COPYRIGHT	78	93	15	Virtual Dawn flyover surface stretch	Avoids German title cards	yes	Not U.S. PD; verify DLR redistribution terms — treat as BLOCKER until cleared
Solar System Explorer	psyche	psyche.ogv	mission	Learn more from Psyche then chain to belt	JPL-20230929-PSYCHEf-0004-Hype	http://images-assets.nasa.gov/video/JPL-20230929-PSYCHEf-0004-Hype/JPL-20230929-PSYCHEf-0004-Hype~large.mp4		NASA/JPL	NASA-PD-LIKELY	3	13	10	Mission teaser CGI / metal asteroid	Happening-now story; mostly CGI	yes	
Solar System Explorer	jupiter	jupiter.ogv	opener	Learn more from Jupiter orbit	Fly into the Great Red Spot with NASA's Juno	https://www.youtube.com/watch?v=uj3Lq7Gu94Y	uj3Lq7Gu94Y	NASA	NASA-PD-LIKELY	5	17	12	Juno Great Red Spot fly-in	Dramatic opener	yes	
Solar System Explorer	jupiter	jupiter.ogv	explainer	Learn more from Jupiter orbit	The Solar System Explained (2026)	https://www.youtube.com/watch?v=1wyr5rWonbE	1wyr5rWonbE	VectorGlobe	YOUTUBE-STANDARD	351	419	68	Jupiter explainer	Standard beat	yes	BLOCKER
Solar System Explorer	saturn	saturn.ogv	opener	Learn more from Saturn orbit	Cassini: The Wonder of Saturn	https://www.youtube.com/watch?v=htOoWJmYVtQ	htOoWJmYVtQ	NASA JPL	NASA-PD-LIKELY	28	40	12	Cassini ringed Saturn beauty shot	Good fit	yes	
Solar System Explorer	saturn	saturn.ogv	explainer	Learn more from Saturn orbit	The Solar System Explained (2026)	https://www.youtube.com/watch?v=1wyr5rWonbE	1wyr5rWonbE	VectorGlobe	YOUTUBE-STANDARD	419	487	68	Saturn explainer	Standard beat	yes	BLOCKER
Solar System Explorer	uranus	uranus.ogv	opener	Learn more from Uranus orbit	Voyager II... Encounter with Uranus	https://www.youtube.com/watch?v=1EWTku7Fr0Y	1EWTku7Fr0Y	atwaterpub	YOUTUBE-STANDARD	50	62	12	Voyager 2 Uranus encounter imagery	POOR FIT: third-party repost not NASA channel	yes	HIGH RISK BLOCKER
Solar System Explorer	uranus	uranus.ogv	explainer	Learn more from Uranus orbit	The Solar System Explained (2026)	https://www.youtube.com/watch?v=1wyr5rWonbE	1wyr5rWonbE	VectorGlobe	YOUTUBE-STANDARD	487	558	71	Uranus explainer	Standard beat	yes	BLOCKER
Solar System Explorer	neptune	neptune.ogv	opener	Learn more from Neptune orbit	Voyager II | Neptune Approach	https://www.youtube.com/watch?v=dthZsl9AkgA	dthZsl9AkgA	Space9	YOUTUBE-STANDARD	0	10	10	Whole 10s Voyager approach upload	POOR FIT: third-party; entire source consumed	yes	HIGH RISK BLOCKER
Solar System Explorer	neptune	neptune.ogv	explainer	Learn more from Neptune orbit	The Solar System Explained (2026)	https://www.youtube.com/watch?v=1wyr5rWonbE	1wyr5rWonbE	VectorGlobe	YOUTUBE-STANDARD	558	630	72	Neptune explainer	Standard beat	yes	BLOCKER
Solar System Explorer	pluto	pluto.ogv	opener	Learn more from Pluto orbit	New Horizons Flyover of Pluto	https://www.youtube.com/watch?v=g1fPhhTT2Oo	g1fPhhTT2Oo	NASA Video	NASA-PD-LIKELY	35	47	12	New Horizons digital flyover	Good fit	yes	
Solar System Explorer	pluto	pluto.ogv	explainer	Learn more from Pluto orbit	The Solar System Explained (2026)	https://www.youtube.com/watch?v=1wyr5rWonbE	1wyr5rWonbE	VectorGlobe	YOUTUBE-STANDARD	630	657	27	Short Pluto/dwarf-planet tail	Abrupt vs longer planet clips	yes	BLOCKER
Garden Explorer	01_seeds	01_seeds.ogv		"Knowledge star `01_seeds` — ""What is a seed?"" (zone=shed)"	Ken-Burns pan of in-game portrait/tile art	game/assets/tiles/concepts/01_seeds.png		Project / Sprout Lands-derived portraits	OWN	0	23.3	23.3	What is a seed?: A seed is a tiny plant waiting to wake up. Inside every seed is a baby plant and a snack of food to help it start growing. Seeds come in all shapes and sizes — some tiny like a dot, some big like a bean. When a seed gets soil, water, and warmth, it wakes up and starts to grow!	12-star curriculum with ElevenLabs VO	True	{'pipeline': 'build_edu_videos.py', 'footage_type': 'ken_burns', 'bibliography_youtube_alternate': 'SciShow Kids — How Does A Seed Become A Plant?', 'bibliography_youtube_url': 'https://www.youtube.com/watch?v=tkFPyue5X3Q', 'stars_tsv_planned_trim': {'start': 40.0, 'end': 80.0, 'url': 'https://www.youtube.com/watch?v=-rJdVQNy6TY', 'duration': 40.0}}
Garden Explorer	02_soil	02_soil.ogv		"Knowledge star `02_soil` — ""Soil & garden beds"" (zone=beds)"	Ken-Burns pan of in-game portrait/tile art	game/assets/tiles/concepts/02_soil.png		Project / Sprout Lands-derived portraits	OWN	0	21.6	21.6	Soil and garden beds: Soil is like a cozy bed and a kitchen for plants, all in one. It holds water and food that roots drink up. Good garden soil is soft and crumbly, so roots can stretch out. Gardeners rake their beds nice and smooth before planting, so every seed has a comfy home.	12-star curriculum with ElevenLabs VO	True	"{'pipeline': 'build_edu_videos.py', 'footage_type': 'ken_burns', 'bibliography_youtube_alternate': ""SciShow Kids — Let's Plant a Garden!"", 'bibliography_youtube_url': 'https://www.youtube.com/watch?v=0TJuJTFEBbs', 'stars_tsv_planned_trim': {'start': 60.0, 'end': 100.0, 'url': 'https://www.youtube.com/watch?v=0TJuJTFEBbs', 'duration': 40.0}}"
Garden Explorer	03_planting	03_planting.ogv		"Knowledge star `03_planting` — ""How to plant a seed"" (zone=beds)"	Garden cress timelapse.webm	https://commons.wikimedia.org/wiki/File:Garden_cress_timelapse.webm		Wikimedia Commons contributor	CC-BY-SA	0	18.2	18.2	How to plant a seed: Planting a seed is easy and fun! First, poke a little hole in the soil with your finger. Drop the seed in, and tuck it in with a blanket of soil. Give it a gentle drink of water, and say good night, little seed — see you when you sprout!	12-star curriculum with ElevenLabs VO	True	{'pipeline': 'build_edu_videos.py', 'footage_type': 'commons', 'bibliography_youtube_alternate': 'Ivan Inspects — Planting Seeds For Kids', 'bibliography_youtube_url': 'https://www.youtube.com/watch?v=yUocBRrdsC8', 'stars_tsv_planned_trim': {'start': 120.0, 'end': 160.0, 'url': 'https://www.youtube.com/watch?v=0TJuJTFEBbs', 'duration': 40.0}, 'license_note': 'Commons file-page verification recommended'}
Garden Explorer	04_watering	04_watering.ogv		"Knowledge star `04_watering` — ""Watering plants"" (zone=beds)"	Ken-Burns pan of in-game portrait/tile art	game/assets/tiles/concepts/04_watering.png		Project / Sprout Lands-derived portraits	OWN	0	19.2	19.2	Watering plants: Plants get thirsty, just like you! Their roots drink water from the soil and send it all the way up to the leaves. A gentle sprinkle is best — too much water can make roots soggy. The best time to water the garden is in the cool morning, before the sun gets hot.	12-star curriculum with ElevenLabs VO	True	{'pipeline': 'build_edu_videos.py', 'footage_type': 'ken_burns', 'bibliography_youtube_alternate': 'Goally — How to Water the Plants for Kids', 'bibliography_youtube_url': 'https://www.youtube.com/watch?v=EygnB6i32t4', 'stars_tsv_planned_trim': {'start': 160.0, 'end': 200.0, 'url': 'https://www.youtube.com/watch?v=0TJuJTFEBbs', 'duration': 40.0}}
Garden Explorer	05_sprouting	05_sprouting.ogv		"Knowledge star `05_sprouting` — ""Seeds sprouting"" (zone=beds)"	Mung bean germination.ogv	https://commons.wikimedia.org/wiki/File:Mung_bean_germination.ogv		Wikimedia Commons contributor	CC-BY-SA	0	17.7	17.7	Seeds sprouting: When a seed wakes up, we say it sprouts! First a little root grows down, down, down into the soil. Then a green shoot pushes up, up, up toward the light. The first tiny leaves unfold like little hands saying hello to the sun!	12-star curriculum with ElevenLabs VO	True	{'pipeline': 'build_edu_videos.py', 'footage_type': 'commons', 'bibliography_youtube_alternate': 'SciShow Kids — Watch a Seed Sprout!', 'bibliography_youtube_url': 'https://www.youtube.com/watch?v=-rJdVQNy6TY', 'stars_tsv_planned_trim': {'start': 120.0, 'end': 165.0, 'url': 'https://www.youtube.com/watch?v=-rJdVQNy6TY', 'duration': 45.0}, 'license_note': 'Commons file-page verification recommended'}
Garden Explorer	06_sunlight	06_sunlight.ogv		"Knowledge star `06_sunlight` — ""Sunlight & growing"" (zone=beds)"	Heliotropism in Helianthus annuus.webm	https://commons.wikimedia.org/wiki/File:Heliotropism_in_Helianthus_annuus.webm		Wikimedia Commons contributor	CC-BY-SA	0	17.2	17.2	Sunlight and growing: Sunlight is plant food power! Leaves catch sunshine and use it to make sugar — that is how plants make their own lunch. This special trick is called photosynthesis. That is why plants lean toward the light, and why gardens love sunny days!	12-star curriculum with ElevenLabs VO	True	{'pipeline': 'build_edu_videos.py', 'footage_type': 'commons', 'bibliography_youtube_alternate': 'Dr. Binocs — Photosynthesis', 'bibliography_youtube_url': 'https://www.youtube.com/watch?v=D1Ymc311XS8', 'stars_tsv_planned_trim': {'start': 100.0, 'end': 140.0, 'url': 'https://www.youtube.com/watch?v=0TJuJTFEBbs', 'duration': 40.0}, 'license_note': 'Commons file-page verification recommended'}
Garden Explorer	07_growing	07_growing.ogv		"Knowledge star `07_growing` — ""Watching plants grow"" (zone=beds)"	Timelapse-Basil-growing.ogv	https://commons.wikimedia.org/wiki/File:Timelapse-Basil-growing.ogv		Wikimedia Commons contributor	CC-BY-SA	0	20.1	20.1	Watching plants grow: Plants grow a little bit every single day. First comes the sprout, then more leaves, then the plant grows tall and strong. Some plants grow flowers, and the flowers turn into fruits and vegetables. Be patient, water often, and watch the magic happen!	12-star curriculum with ElevenLabs VO	True	{'pipeline': 'build_edu_videos.py', 'footage_type': 'commons', 'bibliography_youtube_alternate': 'Goodful — Seed growing time lapses', 'bibliography_youtube_url': 'https://www.youtube.com/watch?v=ECibetK2EYI', 'stars_tsv_planned_trim': {'start': 180.0, 'end': 225.0, 'url': 'https://www.youtube.com/watch?v=-rJdVQNy6TY', 'duration': 45.0}, 'license_note': 'Commons file-page verification recommended'}
Garden Explorer	08_weeding	08_weeding.ogv		"Knowledge star `08_weeding` — ""Uprooting & clearing space"" (zone=beds)"	Ken-Burns pan of in-game portrait/tile art	game/assets/tiles/concepts/08_weeding.png		Project / Sprout Lands-derived portraits	OWN	0	17.7	17.7	Uprooting and clearing space: Sometimes a garden gets crowded, and plants have to share too much. Weeds sneak in and gobble up the water and sunlight our vegetables need. Gardeners gently pull them out, roots and all. With more room, our garden plants grow bigger and happier!	12-star curriculum with ElevenLabs VO	True	{'pipeline': 'build_edu_videos.py', 'footage_type': 'ken_burns', 'bibliography_youtube_alternate': 'Hand weeding techniques', 'bibliography_youtube_url': 'https://www.youtube.com/watch?v=kcibswxqncI', 'stars_tsv_planned_trim': {'start': 200.0, 'end': 240.0, 'url': 'https://www.youtube.com/watch?v=0TJuJTFEBbs', 'duration': 40.0}}
Garden Explorer	09_harvest	09_harvest.ogv		"Knowledge star `09_harvest` — ""Harvesting the garden"" (zone=beds)"	Harvest (20181008-FPAC-KLS-0011).webm	https://commons.wikimedia.org/wiki/File:Harvest_(20181008-FPAC-KLS-0011).webm		Wikimedia Commons contributor	PD	0	16.3	16.3	Harvesting the garden: Harvest time is the best part of gardening! It is when the fruits and vegetables are ripe and ready to pick. We pull carrots, snap beans, and twist tomatoes gently off the vine. Then we get to eat the yummy food we grew ourselves!	12-star curriculum with ElevenLabs VO	True	{'pipeline': 'build_edu_videos.py', 'footage_type': 'commons', 'bibliography_youtube_alternate': 'Ivan Inspects — Harvesting A Garden', 'bibliography_youtube_url': 'https://www.youtube.com/watch?v=Bd6zgWz6lUo', 'stars_tsv_planned_trim': {'start': 240.0, 'end': 275.0, 'url': 'https://www.youtube.com/watch?v=0TJuJTFEBbs', 'duration': 35.0}}
Garden Explorer	10_seasons	10_seasons.ogv		"Knowledge star `10_seasons` — ""Seasons in the garden"" (zone=map)"	One Year. One Tree. One Drone.webm	https://commons.wikimedia.org/wiki/File:One_Year._One_Tree._One_Drone.webm		Wikimedia Commons contributor	CC-BY	0	18.1	18.1	Seasons in the garden: The garden changes with the seasons. In spring we plant seeds, and in summer everything grows tall in the sunshine. In fall we harvest, and leaves turn orange and red. In winter the garden rests under the frost, dreaming of spring!	12-star curriculum with ElevenLabs VO	True	{'pipeline': 'build_edu_videos.py', 'footage_type': 'commons', 'bibliography_youtube_alternate': 'Scratch Garden — The Seasons Song', 'bibliography_youtube_url': 'https://www.youtube.com/watch?v=H32W-6CKdfk', 'stars_tsv_planned_trim': {'start': 20.0, 'end': 60.0, 'url': 'https://www.youtube.com/watch?v=0TJuJTFEBbs', 'duration': 40.0}, 'license_note': 'Commons file-page verification recommended'}
Garden Explorer	11_animals	11_animals.ogv		"Knowledge star `11_animals` — ""Garden animals"" (zone=fence)"	Ken-Burns pan of in-game portrait/tile art	game/assets/tiles/concepts/11_animals.png		Project / Sprout Lands-derived portraits	OWN	0	17.5	17.5	Garden animals: A farm garden is full of animal friends. Chickens give us eggs, and cows give us milk. Dogs keep watch, and rabbits hop around looking for greens to nibble. Taking care of animals every day is a big part of life on a farm!	12-star curriculum with ElevenLabs VO	True	{'pipeline': 'build_edu_videos.py', 'footage_type': 'ken_burns', 'bibliography_youtube_alternate': 'Farm Animals for Kids', 'bibliography_youtube_url': 'https://www.youtube.com/watch?v=zFtMamMUAVw', 'stars_tsv_planned_trim': {'start': 220.0, 'end': 255.0, 'url': 'https://www.youtube.com/watch?v=0TJuJTFEBbs', 'duration': 35.0}}
Garden Explorer	12_store	12_store.ogv		"Knowledge star `12_store` — ""Storing the harvest"" (zone=shed)"	Ken-Burns pan of in-game portrait/tile art	game/assets/tiles/concepts/12_store.png		Project / Sprout Lands-derived portraits	OWN	0	17.4	17.4	Storing the harvest: After the harvest, we save food to enjoy later. Pumpkins and potatoes keep for months in a cool, dark place. Some fruits become jam, and some vegetables become pickles! Storing food means we can taste our summer garden even in winter.	12-star curriculum with ElevenLabs VO	True	"{'pipeline': 'build_edu_videos.py', 'footage_type': 'ken_burns', 'bibliography_youtube_alternate': ""How we store ONE year's worth of Homegrown Food"", 'bibliography_youtube_url': 'https://www.youtube.com/watch?v=Bn5NvhoU_Dk', 'stars_tsv_planned_trim': {'start': 250.0, 'end': 280.0, 'url': 'https://www.youtube.com/watch?v=0TJuJTFEBbs', 'duration': 30.0}}"
Garden Explorer	intro	intro.ogv		First-launch IntroPanel	Recorded playthrough montage	docs/demo/garden_explorer_playthrough.mp4		OWN	OWN	0	62.6	62.6	Narrated garden tour	build_intro_explainer.py	True	{}
Garden Explorer	animal_chicken	animal_chicken.ogv		Pen animal reveal (Buddy video skipped in gameplay)	Ken-Burns pan of in-game portrait/tile art	game/assets/portraits/animal_chicken_a.png		Project / Sprout Lands-derived portraits	OWN	0	19.0	19.0	Chickens are curious birds that live together in a flock. They scratch the dirt with their feet to find seeds and tasty bugs. A mother hen lays about one egg every day, and she loves a cozy nest. Chickens even take baths in dust to keep their feathers clean!	Animal education	True	{'footage_type': 'ken_burns'}
Garden Explorer	animal_rabbit	animal_rabbit.ogv		Pen animal reveal (Buddy video skipped in gameplay)	Pet rabbit eating grass.webm	https://commons.wikimedia.org/wiki/File:Pet_rabbit_eating_grass.webm		Wikimedia Commons contributor	CC-BY-SA	0	20.1	20.1	Rabbits have long ears that can turn almost all the way around to listen. Their big front teeth never stop growing, so they nibble all day long. Rabbits hop fast and dig cozy burrows underground. On a farm, rabbits munch on grass, carrots, and leafy greens.	Animal education	True	{'footage_type': 'commons', 'license_note': 'Commons file-page verification recommended'}
Garden Explorer	animal_pig	animal_pig.ogv		Pen animal reveal (Buddy video skipped in gameplay)	Pigs eating AppletonFarms Massachusetts 2024-10.webm	https://commons.wikimedia.org/wiki/File:Pigs_eating_AppletonFarms_Massachusetts_2024-10.webm		Wikimedia Commons contributor	CC-BY-SA	0	17.9	17.9	Pigs are some of the smartest animals on a farm. They use their strong snouts to sniff and dig for food. Pigs roll in the mud to stay cool — it works like nature's sunscreen. A happy pig wags its curly tail, just like a puppy!	Animal education	True	{'footage_type': 'commons', 'license_note': 'Commons file-page verification recommended'}
Garden Explorer	animal_cow	animal_cow.ogv		Pen animal reveal (Buddy video skipped in gameplay)	Cow grazing in the farm.webm	https://commons.wikimedia.org/wiki/File:Cow_grazing_in_the_farm.webm		Wikimedia Commons contributor	CC-BY-SA	0	20.7	20.7	Cows are gentle giants that spend the whole day munching grass. A cow has a special tummy with four parts to help digest her food. Cows give us milk, which becomes cheese, butter, and ice cream. Every cow has her own pattern of spots — no two are the same!	Animal education	True	{'footage_type': 'commons', 'license_note': 'Commons file-page verification recommended'}
Garden Explorer	animal_dog	animal_dog.ogv		Pen animal reveal (Buddy video skipped in gameplay)	Ken-Burns pan of in-game portrait/tile art	game/assets/portraits/animal_dog.png		Project / Sprout Lands-derived portraits	OWN	0	16.2	16.2	Farm dogs are hard workers and best friends. They help round up the animals and keep everyone safe. A dog can smell about ten thousand times better than you can! At the end of the day, a farm dog loves a good belly rub.	Animal education	True	{'footage_type': 'ken_burns'}
Garden Explorer	coop_eggs	coop_eggs.ogv		Coop look (World.gd)	coop_eggs.mp4	tools/media_src/footage/coop_eggs.mp4		Undocumented local footage	BLOCKER	0	19.8	19.8	This is the chicken coop, where the hens sleep and lay their eggs. Every morning, farmers gently lift the eggs out of the nesting boxes. The hens keep their eggs warm and cozy in the soft straw. Fresh eggs get washed and kept cool — ready for breakfast!	Egg collection lesson	True	{'undocumented_source': 'coop_eggs.mp4'}
Garden Explorer	bug_ladybug	bug_ladybug.ogv		Bug catch (Ladybug)	2022-06-02 LJUBLJANA Karlovško predmestje COCCINELLIDAE Cucujoidea PIKAPOLONICA.webm	https://commons.wikimedia.org/wiki/File:2022-06-02_LJUBLJANA_Karlovško_predmestje_COCCINELLIDAE_Cucujoidea_PIKAPOLONICA.webm		Wikimedia Commons contributor	CC-BY-SA	0	18.5	18.5	Ladybugs are a gardener's best helpers. One ladybug can munch fifty aphids in a single day, and that protects our plants. Their bright red shells warn birds to stay away. When ladybugs fly, their spotted shells lift up like tiny doors!	Bug education	True	{'footage_type': 'commons', 'license_note': 'Commons file-page verification recommended'}
Garden Explorer	bug_rolly_polly	bug_rolly_polly.ogv		Bug catch (Rolly Polly)	Pill woodlouse (Armadillidium vulgare).webm	https://commons.wikimedia.org/wiki/File:Pill_woodlouse_(Armadillidium_vulgare).webm		Wikimedia Commons contributor	CC-BY-SA	0	19.5	19.5	Rolly pollies curl into a tiny ball when they feel shy. They are not insects at all — they are cousins of crabs! They eat old leaves and turn them into fresh soil for the garden. Rolly pollies love damp, cozy places under rocks and logs.	Bug education	True	{'footage_type': 'commons', 'license_note': 'Commons file-page verification recommended'}
Garden Explorer	bug_earthworm	bug_earthworm.ogv		Bug catch (Earthworm)	Ver qui s'enfouit cropped.webm	https://commons.wikimedia.org/wiki/File:Ver_qui_s'enfouit_cropped.webm		Wikimedia Commons contributor	CC-BY-SA	0	18.1	18.1	Earthworms are underground gardeners. As they wiggle, they dig little tunnels so plant roots get air and water. Worms eat old leaves and leave behind rich food for the soil. A worm has no eyes, but it can still feel light and shadows!	Bug education	True	{'footage_type': 'commons', 'license_note': 'Commons file-page verification recommended'}
Garden Explorer	bug_honeybee	bug_honeybee.ogv		Bug catch (Honeybee)	Bee on crocus.ogv	https://commons.wikimedia.org/wiki/File:Bee_on_crocus.ogv		Wikimedia Commons contributor	CC-BY-SA	0	19.1	19.1	Honeybees visit hundreds of flowers every single day. They carry yellow pollen from flower to flower, which helps plants make seeds and fruit. Bees do a waggle dance to tell their friends where the best flowers are! Without bees, we would have far fewer strawberries and pumpkins.	Bug education	True	{'footage_type': 'commons', 'license_note': 'Commons file-page verification recommended'}
Garden Explorer	bug_butterfly	bug_butterfly.ogv		Bug catch (Butterfly)	Butterfly resting on flower.webm	https://commons.wikimedia.org/wiki/File:Butterfly_resting_on_flower.webm		Wikimedia Commons contributor	CC-BY-SA	0	19.6	19.6	A butterfly starts life as a very hungry caterpillar. Inside its chrysalis it changes completely — that big change is called metamorphosis. Butterflies taste with their feet when they land on flowers! They sip sweet nectar and help flowers make seeds.	Bug education	True	{'footage_type': 'commons', 'license_note': 'Commons file-page verification recommended'}
Garden Explorer	bug_ant	bug_ant.ogv		Bug catch (Garden Ant)	Ants on dandelion.webm	https://commons.wikimedia.org/wiki/File:Ants_on_dandelion.webm		Wikimedia Commons contributor	CC-BY-SA	0	20.0	20.0	Ants are tiny but mighty — an ant can carry things fifty times heavier than itself! They live in big families and talk by touching antennas. Their tunnels help air and water reach plant roots. Watch an ant line closely — they follow smell trails their friends left behind.	Bug education	True	{'footage_type': 'commons', 'license_note': 'Commons file-page verification recommended'}
Garden Explorer	bug_aphid	bug_aphid.ogv		Bug catch (Aphid)	Ken-Burns pan of in-game portrait/tile art	game/assets/portraits/bug_aphid.png		Project / Sprout Lands-derived portraits	OWN	0	19.8	19.8	Aphids are tiny green bugs that sip juice from plant stems. Too many aphids can make a plant droopy and sad. That is why gardeners love ladybugs — they gobble aphids up! Ants sometimes look after aphids like little cows, for their sweet honeydew.	Bug education	True	{'footage_type': 'ken_burns'}
Garden Explorer	bug_caterpillar	bug_caterpillar.ogv		Bug catch (Caterpillar)	Time-lapse of a caterpillar eating a basil.ogv	https://commons.wikimedia.org/wiki/File:Time-lapse_of_a_caterpillar_eating_a_basil.ogv		Wikimedia Commons contributor	CC-BY-SA	0	18.6	18.6	A caterpillar's job is to eat, eat, eat! It sheds its skin as it grows bigger and bigger. One day it will build a chrysalis and become a butterfly or a moth. Some caterpillars nibble garden leaves, so gardeners keep a friendly eye on them.	Bug education	True	{'footage_type': 'commons', 'license_note': 'Commons file-page verification recommended'}
Garden Explorer	bug_spider	bug_spider.ogv		Bug catch (Garden Spider)	Garden spider in the UK.webm	https://commons.wikimedia.org/wiki/File:Garden_spider_in_the_UK.webm		Wikimedia Commons contributor	CC-BY-SA	0	19.7	19.7	Garden spiders are quiet helpers. They spin sticky silk webs to catch flies and moths that bother our plants. Spider silk is stronger than steel of the same size! Most garden spiders are gentle and shy — they would rather hide than say hello.	Bug education	True	{'footage_type': 'commons', 'license_note': 'Commons file-page verification recommended'}
Garden Explorer	bug_grasshopper	bug_grasshopper.ogv		Bug catch (Grasshopper)	Rammeihippus dinaricus -- Dinarian Grasshopper.webm	https://commons.wikimedia.org/wiki/File:Rammeihippus_dinaricus_--_Dinarian_Grasshopper.webm		Wikimedia Commons contributor	CC-BY-SA	0	15.5	15.5	Grasshoppers have big back legs that work like springs. They can jump twenty times their own body length! Grasshoppers sing by rubbing their legs against their wings. You can hear them chirping in the warm summer grass.	Bug education	True	{'footage_type': 'commons', 'license_note': 'Commons file-page verification recommended'}
Garden Explorer	bug_snail	bug_snail.ogv		Bug catch (Garden Snail)	Snail crawling on a leaf in Asuka Village, Nara, Japan (May 2025).webm	https://commons.wikimedia.org/wiki/File:Snail_crawling_on_a_leaf_in_Asuka_Village,_Nara,_Japan_(May_2025).webm		Wikimedia Commons contributor	CC-BY-SA	0	16.5	16.5	Snails carry their homes on their backs. They glide along on one big foot, leaving a shiny, silvery trail. A snail's shell grows bigger as the snail grows. On rainy days, snails come out to explore the garden!	Bug education	True	{'footage_type': 'commons', 'license_note': 'Commons file-page verification recommended'}
Garden Explorer	bug_praying_mantis	bug_praying_mantis.ogv		Bug catch (Praying Mantis)	Praying mantis (Mantis religiosa) in Quebec.webm	https://commons.wikimedia.org/wiki/File:Praying_mantis_(Mantis_religiosa)_in_Quebec.webm		Wikimedia Commons contributor	CC-BY-SA	0	21.6	21.6	The praying mantis folds its front legs like it is saying please. It can turn its head almost all the way around — no other insect can do that! A mantis stays still as a statue, then catches garden pests quick as a flash. Gardeners love the mantis because it protects their plants.	Bug education	True	{'footage_type': 'commons', 'license_note': 'Commons file-page verification recommended'}
Garden Explorer	lettuce_harvest	lettuce_harvest.ogv		MediaPanel first-harvest (lettuce)	Lettuce Harvest (34781274543).jpg	https://upload.wikimedia.org/wikipedia/commons/0/05/Lettuce_Harvest_%2834781274543%29.jpg?utm_source=commons.wikimedia.org&utm_campaign=imageinfo&utm_content=original		Wikimedia Commons contributor	PD	0	15.3	15.3	Lettuce grows in leafy green bundles. Farmers cut the whole head close to the soil with a small knife. Lettuce is mostly water, so it is extra crunchy and fresh. It is the start of almost every salad!	First-harvest ceremony for Lettuce	True	{'source_kind': 'photo', 'hand_pick': True, 'vo': 'ElevenLabs'}
Garden Explorer	pea_harvest	pea_harvest.ogv		MediaPanel first-harvest (pea)	Black-eyed pea pods on plant in Hong Kong.jpg	https://upload.wikimedia.org/wikipedia/commons/5/52/Black-eyed_pea_pods_on_plant_in_Hong_Kong.jpg?utm_source=commons.wikimedia.org&utm_campaign=imageinfo&utm_content=original		Wikimedia Commons contributor	CC-BY-SA	0	16.2	16.2	Peas grow in little green pods that hang from climbing vines. Farmers pick the pods when they feel plump and full. Pop one open — the peas sit in a row like beads! Peas give you energy to run and play.	First-harvest ceremony for Pea — POOR FIT: Black-eyed pea photo	True	{'source_kind': 'photo', 'hand_pick': False, 'vo': 'ElevenLabs'}
Garden Explorer	radish_harvest	radish_harvest.ogv		MediaPanel first-harvest (radish)	PH-02- Radish Ground Harvest (KSC-20201214-PH-KLS01 0017).jpg	https://upload.wikimedia.org/wikipedia/commons/f/f0/PH-02-_Radish_Ground_Harvest_%28KSC-20201214-PH-KLS01_0017%29.jpg?utm_source=commons.wikimedia.org&utm_campaign=imageinfo&utm_content=original		Wikimedia Commons contributor	PD	0	18.2	18.2	Radishes are one of the fastest vegetables to grow — about one month! Farmers pull them up by their leaves, just like carrots. They are crunchy with a tiny spicy zing. Radishes come in red, pink, purple, and even white!	First-harvest ceremony for Radish	True	{'source_kind': 'photo', 'hand_pick': True, 'vo': 'ElevenLabs'}
Garden Explorer	carrot_harvest	carrot_harvest.ogv		MediaPanel first-harvest (carrot)	Carrot Harvest (2079531862).jpg	https://upload.wikimedia.org/wikipedia/commons/d/d4/Carrot_Harvest_%282079531862%29.jpg?utm_source=commons.wikimedia.org&utm_campaign=imageinfo&utm_content=original		Wikimedia Commons contributor	CC-BY	0	16.9	16.9	Crunchy carrots grow under the ground. Farmers hold the green leafy tops and pull gently until the carrot pops out. Carrots are full of vitamin A, which helps your eyes see well. Rabbits agree — carrots are delicious!	First-harvest ceremony for Carrot	True	{'source_kind': 'photo', 'hand_pick': True, 'vo': 'ElevenLabs'}
Garden Explorer	spinach_harvest	spinach_harvest.ogv		MediaPanel first-harvest (spinach)	Harvesting spinach - geograph.org.uk - 3012198.jpg	https://upload.wikimedia.org/wikipedia/commons/6/69/Harvesting_spinach_-_geograph.org.uk_-_3012198.jpg?utm_source=commons.wikimedia.org&utm_campaign=imageinfo&utm_content=original		Wikimedia Commons contributor	CC-BY-SA	0	15.1	15.1	Spinach has soft dark-green leaves packed with iron. Farmers cut the outer leaves so the plant keeps growing in the middle. Spinach helps your muscles stay strong. Popeye was right — spinach is a power food!	First-harvest ceremony for Spinach	True	{'source_kind': 'photo', 'hand_pick': True, 'vo': 'ElevenLabs'}
Garden Explorer	onion_harvest	onion_harvest.ogv		MediaPanel first-harvest (onion)	Onion harvest in Bavaria 1.jpg	https://upload.wikimedia.org/wikipedia/commons/4/42/Onion_harvest_in_Bavaria_1.jpg?utm_source=commons.wikimedia.org&utm_campaign=imageinfo&utm_content=original		Wikimedia Commons contributor	CC-BY	0	16.1	16.1	Onions grow underground in layers, like a tiny ball. Farmers wait until the green tops flop over, then dig them up carefully. Onions make soups and sauces taste amazing. They can also make your eyes water!	First-harvest ceremony for Onion	True	{'source_kind': 'photo', 'hand_pick': True, 'vo': 'ElevenLabs'}
Garden Explorer	cabbage_harvest	cabbage_harvest.ogv		MediaPanel first-harvest (cabbage)	Recently harvested cabbage field - geograph.org.uk - 2252180.jpg	https://upload.wikimedia.org/wikipedia/commons/2/26/Recently_harvested_cabbage_field_-_geograph.org.uk_-_2252180.jpg?utm_source=commons.wikimedia.org&utm_campaign=imageinfo&utm_content=original		Wikimedia Commons contributor	CC-BY-SA	0	16.2	16.2	A cabbage is a big round ball of tightly packed leaves. Farmers cut the thick stem at the bottom and lift the whole head. Cabbage stays fresh a long time. We eat it in salads, soups, and even sauerkraut!	First-harvest ceremony for Cabbage	True	{'source_kind': 'photo', 'hand_pick': False, 'vo': 'ElevenLabs'}
Garden Explorer	strawberry_harvest	strawberry_harvest.ogv		MediaPanel first-harvest (strawberry)	Aardbeien.ogv	https://upload.wikimedia.org/wikipedia/commons/e/ea/Aardbeien.ogv?utm_source=commons.wikimedia.org&utm_campaign=imageinfo&utm_content=original		Wikimedia Commons contributor	CC-BY-SA	0	15.7	15.7	Strawberries are ready when they turn ruby red all over. Farmers pinch the stem so the soft berry does not get squished. Strawberries have more vitamin C than oranges! They are the only fruit with seeds on the outside.	First-harvest ceremony for Strawberry	True	{'source_kind': 'video', 'hand_pick': True, 'vo': 'ElevenLabs'}
Garden Explorer	tomato_harvest	tomato_harvest.ogv		MediaPanel first-harvest (tomato)	A farmer explaining a good tomato harvest.webm	https://upload.wikimedia.org/wikipedia/commons/5/50/A_farmer_explaining_a_good_tomato_harvest.webm?utm_source=commons.wikimedia.org&utm_campaign=imageinfo&utm_content=original		Wikimedia Commons contributor	CC-BY	0	18.1	18.1	Tomatoes turn from green to bright red as they ripen in the sun. Farmers twist them gently off the vine so the plant keeps growing more. Tomatoes are full of vitamins that keep your heart strong. We eat them in salads, sauces, and soups!	First-harvest ceremony for Tomato	True	{'source_kind': 'video', 'hand_pick': True, 'vo': 'ElevenLabs'}
Garden Explorer	corn_harvest	corn_harvest.ogv		MediaPanel first-harvest (corn)	Aerial view of corn harvesting in Northern Illinois USA.webm	https://upload.wikimedia.org/wikipedia/commons/8/8e/Aerial_view_of_corn_harvesting_in_Northern_Illinois_USA.webm?utm_source=commons.wikimedia.org&utm_campaign=imageinfo&utm_content=original		Wikimedia Commons contributor	CC-BY	0	16.1	16.1	Corn grows taller than a grown-up! Each ear is wrapped in a leafy husk with silky threads on top. Farmers snap the ear down and twist to pick it. Every silk thread is connected to one kernel of corn!	First-harvest ceremony for Corn	True	{'source_kind': 'video', 'hand_pick': True, 'vo': 'ElevenLabs'}
Garden Explorer	cucumber_harvest	cucumber_harvest.ogv		MediaPanel first-harvest (cucumber)	A unique combine to harvest cucumbers was displayed for the press (FL45798464).jpg	https://upload.wikimedia.org/wikipedia/commons/0/03/A_unique_combine_to_harvest_cucumbers_was_displayed_for_the_press_%28FL45798464%29.jpg?utm_source=commons.wikimedia.org&utm_campaign=imageinfo&utm_content=original		Wikimedia Commons contributor	CC-BY	0	15.8	15.8	Cucumbers hang from vines like little green boats. Farmers snip them off while they are still firm and crunchy. Cucumbers are cool and refreshing — almost all water. They are perfect for a summer snack!	First-harvest ceremony for Cucumber — POOR FIT: Machinery press photo	True	{'source_kind': 'photo', 'hand_pick': False, 'vo': 'ElevenLabs'}
Garden Explorer	bean_harvest	bean_harvest.ogv		MediaPanel first-harvest (bean)	Black-eyed pea pods on plant in Hong Kong.jpg	https://upload.wikimedia.org/wikipedia/commons/5/52/Black-eyed_pea_pods_on_plant_in_Hong_Kong.jpg?utm_source=commons.wikimedia.org&utm_campaign=imageinfo&utm_content=original		Wikimedia Commons contributor	CC-BY-SA	0	17.0	17.0	Beans grow in long pods on climbing vines or bushy plants. Farmers pick the pods when they are bright green and snap easily. Inside are soft beans that help you grow strong. Some beans we dry and keep for winter!	First-harvest ceremony for Bean — POOR FIT: Reused black-eyed pea photo	True	{'source_kind': 'photo', 'hand_pick': False, 'vo': 'ElevenLabs'}
Garden Explorer	bell_pepper_harvest	bell_pepper_harvest.ogv		MediaPanel first-harvest (bell_pepper)	Starr-200618-7750-Capsicum annuum-red bell pepper harvest from veggie garden-Hawea Pl Olinda-Maui (50336358332).jpg	https://upload.wikimedia.org/wikipedia/commons/7/74/Starr-200618-7750-Capsicum_annuum-red_bell_pepper_harvest_from_veggie_garden-Hawea_Pl_Olinda-Maui_%2850336358332%29.jpg?utm_source=commons.wikimedia.org&utm_campaign=imageinfo&utm_content=original		Wikimedia Commons contributor	CC-BY	0	17.5	17.5	Bell peppers start green and can turn yellow, orange, or red in the sun. Farmers clip the stem so the plant keeps making more. Peppers are crunchy and sweet, and full of vitamin C. They look like little colorful bells!	First-harvest ceremony for Bell Pepper	True	{'source_kind': 'photo', 'hand_pick': False, 'vo': 'ElevenLabs'}
Garden Explorer	zucchini_harvest	zucchini_harvest.ogv		MediaPanel first-harvest (zucchini)	Zucchini Mulchfolie zu Kulturende-Josef Schlaghecken.jpg	https://upload.wikimedia.org/wikipedia/commons/b/b0/Zucchini_Mulchfolie_zu_Kulturende-Josef_Schlaghecken.jpg?utm_source=commons.wikimedia.org&utm_campaign=imageinfo&utm_content=original		Wikimedia Commons contributor	CC-BY-SA	0	16.9	16.9	Zucchini is a summer squash that grows fast on a bushy plant. Farmers pick them when they are still small and tender. Leave one too long and it becomes a giant! Zucchini is delicious grilled, baked, or in bread.	First-harvest ceremony for Zucchini	True	{'source_kind': 'photo', 'hand_pick': False, 'vo': 'ElevenLabs'}
Garden Explorer	melon_harvest	melon_harvest.ogv		MediaPanel first-harvest (melon)	Drukte bij de fruitoogst in het Westland Weeknummer 42-33 - Open Beelden - 14138.ogv	https://upload.wikimedia.org/wikipedia/commons/0/08/Drukte_bij_de_fruitoogst_in_het_Westland_Weeknummer_42-33_-_Open_Beelden_-_14138.ogv?utm_source=commons.wikimedia.org&utm_campaign=imageinfo&utm_content=original		Wikimedia Commons contributor	CC-BY-SA	0	19.5	19.5	Melons grow on vines that sprawl across the warm soil. Farmers know a melon is ready when it smells sweet and the stem slips off easily. Inside is juicy fruit that cools you down on a hot day. Melons are mostly water — and kids love them!	First-harvest ceremony for Melon	True	{'source_kind': 'video', 'hand_pick': True, 'vo': 'ElevenLabs'}
Garden Explorer	eggplant_harvest	eggplant_harvest.ogv		MediaPanel first-harvest (eggplant)	20160805-AMS-LSC-9000-Farmers Market-Food Demo-Roasted Eggplant Dip.webm	https://upload.wikimedia.org/wikipedia/commons/b/b9/20160805-AMS-LSC-9000-Farmers_Market-Food_Demo-Roasted_Eggplant_Dip.webm?utm_source=commons.wikimedia.org&utm_campaign=imageinfo&utm_content=original		Wikimedia Commons contributor	PD	0	16.0	16.0	Eggplants are shiny purple fruits that hang from a sturdy plant. Farmers cut them with a little stem still attached. Inside the purple skin is soft pale flesh. Eggplant soaks up flavors in stews and sauces!	First-harvest ceremony for Eggplant — POOR FIT: Food demo not harvest	True	{'source_kind': 'video', 'hand_pick': False, 'vo': 'ElevenLabs'}
Garden Explorer	pumpkin_harvest	pumpkin_harvest.ogv		MediaPanel first-harvest (pumpkin)	Pie Pumpkin Harvest near Princeville, Illinois USA.jpg	https://upload.wikimedia.org/wikipedia/commons/a/ad/Pie_Pumpkin_Harvest_near_Princeville%2C_Illinois_USA.jpg?utm_source=commons.wikimedia.org&utm_campaign=imageinfo&utm_content=original		Wikimedia Commons contributor	CC-BY-SA	0	15.6	15.6	Pumpkins grow on long vines that crawl across the ground. Farmers cut the thick stem and leave a little handle on top. Pumpkins can grow bigger than you! We eat them in pies and soups, and carve them for fun.	First-harvest ceremony for Pumpkin	True	{'source_kind': 'photo', 'hand_pick': True, 'vo': 'ElevenLabs'}
Garden Explorer	potato_harvest	potato_harvest.ogv		MediaPanel first-harvest (potato)	Harvest (20181008-FPAC-KLS-0002).webm	https://upload.wikimedia.org/wikipedia/commons/9/95/Harvest_%2820181008-FPAC-KLS-0002%29.webm?utm_source=commons.wikimedia.org&utm_campaign=imageinfo&utm_content=original		Wikimedia Commons contributor	PD	0	15.8	15.8	Potatoes grow underground on the roots of the plant. Farmers dig carefully so they do not poke the tubers. One plant can hide a whole handful of potatoes! They become mashed potatoes, fries, and baked potatoes.	First-harvest ceremony for Potato	True	{'source_kind': 'video', 'hand_pick': True, 'vo': 'ElevenLabs'}
Garden Explorer	broccoli_harvest	broccoli_harvest.ogv		MediaPanel first-harvest (broccoli)	-2018-12-25 Broccoli for Christmas.JPG	https://upload.wikimedia.org/wikipedia/commons/a/a5/-2018-12-25_Broccoli_for_Christmas.JPG?utm_source=commons.wikimedia.org&utm_campaign=imageinfo&utm_content=original		Wikimedia Commons contributor	CC-BY-SA	0	15.2	15.2	Broccoli is a tight cluster of tiny green flower buds. Farmers cut the thick stem before the buds open into yellow flowers. Broccoli is packed with vitamins. Those little green trees on your plate are flower buds!	First-harvest ceremony for Broccoli — POOR FIT: Holiday still-life	True	{'source_kind': 'photo', 'hand_pick': False, 'vo': 'ElevenLabs'}
Garden Explorer	cauliflower_harvest	cauliflower_harvest.ogv		MediaPanel first-harvest (cauliflower)	Cauliflower harvesting - geograph.org.uk - 2835354.jpg	https://upload.wikimedia.org/wikipedia/commons/6/62/Cauliflower_harvesting_-_geograph.org.uk_-_2835354.jpg?utm_source=commons.wikimedia.org&utm_campaign=imageinfo&utm_content=original		Wikimedia Commons contributor	CC-BY-SA	0	15.5	15.5	Cauliflower grows a big white head protected by green leaves. Farmers fold the leaves over the head to keep it pale, then cut it when it is firm. Cauliflower can be mashed, roasted, or eaten raw with dip!	First-harvest ceremony for Cauliflower	True	{'source_kind': 'photo', 'hand_pick': False, 'vo': 'ElevenLabs'}
Garden Explorer	grape_harvest	grape_harvest.ogv		MediaPanel first-harvest (grape)	Grape harvest in Chateaux Luna vineyard 2.jpg	https://upload.wikimedia.org/wikipedia/commons/d/d0/Grape_harvest_in_Chateaux_Luna_vineyard_2.jpg?utm_source=commons.wikimedia.org&utm_campaign=imageinfo&utm_content=original		Wikimedia Commons contributor	CC0	0	16.0	16.0	Grapes grow in bunches on woody vines. Farmers snip whole clusters when the berries are sweet and plump. Some grapes become juice, and some become raisins. Grapes come in green, red, and purple!	First-harvest ceremony for Grape	True	{'source_kind': 'photo', 'hand_pick': True, 'vo': 'ElevenLabs'}
Garden Explorer	raspberry_harvest	raspberry_harvest.ogv		MediaPanel first-harvest (raspberry)	Raspberry plant.jpg	https://upload.wikimedia.org/wikipedia/commons/8/87/Raspberry_plant.jpg?utm_source=commons.wikimedia.org&utm_campaign=imageinfo&utm_content=original		Wikimedia Commons contributor	CC-BY-SA	0	15.6	15.6	Raspberries grow on canes with soft thorns. Farmers pick the berries when they slip off the core easily and leave a little hollow. Raspberries are fragile and sweet. They stain your fingers bright pink!	First-harvest ceremony for Raspberry — POOR FIT: Static plant photo	True	{'source_kind': 'photo', 'hand_pick': True, 'vo': 'ElevenLabs'}
Garden Explorer	turnip_harvest	turnip_harvest.ogv		MediaPanel first-harvest (turnip)	Turnip Harvest (34313320884).jpg	https://upload.wikimedia.org/wikipedia/commons/d/db/Turnip_Harvest_%2834313320884%29.jpg?utm_source=commons.wikimedia.org&utm_campaign=imageinfo&utm_content=original		Wikimedia Commons contributor	PD	0	13.9	13.9	Turnips are round roots that grow under leafy green tops. Farmers pull them up by the greens when the roots feel firm. Both the root and the leaves can be eaten! Turnips have a mild, earthy taste.	First-harvest ceremony for Turnip	True	{'source_kind': 'photo', 'hand_pick': True, 'vo': 'ElevenLabs'}
Garden Explorer	celery_harvest	celery_harvest.ogv		MediaPanel first-harvest (celery)	-2021-11-04 Harvested celery head, Trimingham, Norfolk.JPG	https://upload.wikimedia.org/wikipedia/commons/d/d6/-2021-11-04_Harvested_celery_head%2C_Trimingham%2C_Norfolk.JPG?utm_source=commons.wikimedia.org&utm_campaign=imageinfo&utm_content=original		Wikimedia Commons contributor	CC-BY-SA	0	14.9	14.9	Celery grows tall crisp stalks from a bunch in the soil. Farmers cut the whole plant at the base. The crunchy stalks are mostly water and make a great snack. Celery leaves are tasty in soups too!	First-harvest ceremony for Celery	True	{'source_kind': 'photo', 'hand_pick': False, 'vo': 'ElevenLabs'}
Garden Explorer	garlic_harvest	garlic_harvest.ogv		MediaPanel first-harvest (garlic)	Harvesting Garlic.jpg	https://upload.wikimedia.org/wikipedia/commons/d/d4/Harvesting_Garlic.jpg?utm_source=commons.wikimedia.org&utm_campaign=imageinfo&utm_content=original		Wikimedia Commons contributor	CC-BY-SA	0	17.2	17.2	Garlic grows as a bulb of little cloves under the ground. Farmers dig the bulbs when the tops turn brown and dry them in the sun. One clove planted in fall becomes a whole new bulb! Garlic makes almost every savory dish better.	First-harvest ceremony for Garlic	True	{'source_kind': 'photo', 'hand_pick': False, 'vo': 'ElevenLabs'}
Garden Explorer	leek_harvest	leek_harvest.ogv		MediaPanel first-harvest (leek)	00 3674. Allium giganteum - Riesen-Lauch.jpg	https://upload.wikimedia.org/wikipedia/commons/b/ba/00_3674._Allium_giganteum_-_Riesen-Lauch.jpg?utm_source=commons.wikimedia.org&utm_campaign=imageinfo&utm_content=original		Wikimedia Commons contributor	CC-BY-SA	0	16.0	16.0	Leeks look like giant green onions with long white stems. Farmers mound soil around them so the stems stay white and sweet, then dig them carefully. Leeks are mild and delicious in soups and pies!	First-harvest ceremony for Leek — POOR FIT: Ornamental allium	True	{'source_kind': 'photo', 'hand_pick': False, 'vo': 'ElevenLabs'}
Garden Explorer	kale_harvest	kale_harvest.ogv		MediaPanel first-harvest (kale)	Marrow kale harvesting 1960 (JOKAMT2Ju05-1).tif	https://upload.wikimedia.org/wikipedia/commons/e/e2/Marrow_kale_harvesting_1960_%28JOKAMT2Ju05-1%29.tif?utm_source=commons.wikimedia.org&utm_campaign=imageinfo&utm_content=original		Wikimedia Commons contributor	CC-BY	0	15.0	15.0	Kale has curly or flat dark-green leaves full of vitamins. Farmers pick the outer leaves so the plant keeps growing. Kale is tough when raw but soft when cooked. It is one of the strongest greens in the garden!	First-harvest ceremony for Kale	True	{'source_kind': 'photo', 'hand_pick': False, 'vo': 'ElevenLabs'}
Garden Explorer	artichoke_harvest	artichoke_harvest.ogv		MediaPanel first-harvest (artichoke)	Artichoke harvest.jpg	https://upload.wikimedia.org/wikipedia/commons/6/68/Artichoke_harvest.jpg?utm_source=commons.wikimedia.org&utm_campaign=imageinfo&utm_content=original		Wikimedia Commons contributor	CC-BY	0	13.6	13.6	An artichoke is a big flower bud that never opens. Farmers cut the bud with a short stem before it blooms into a purple thistle. We eat the soft base of each leaf and the heart in the middle!	First-harvest ceremony for Artichoke	True	{'source_kind': 'photo', 'hand_pick': False, 'vo': 'ElevenLabs'}
Garden Explorer	wheat_harvest	wheat_harvest.ogv		MediaPanel first-harvest (wheat)	Harvest (20180715-FPAC-KLS-0001).webm	https://upload.wikimedia.org/wikipedia/commons/0/09/Harvest_%2820180715-FPAC-KLS-0001%29.webm?utm_source=commons.wikimedia.org&utm_campaign=imageinfo&utm_content=original		Wikimedia Commons contributor	PD	0	17.3	17.3	Wheat grows in golden fields that wave in the wind. Farmers harvest the tall stalks with a big machine called a combine. The tiny grains inside become flour for bread. Almost every loaf starts as a wheat plant!	First-harvest ceremony for Wheat	True	{'source_kind': 'video', 'hand_pick': True, 'vo': 'ElevenLabs'}
Garden Explorer	chili_harvest	chili_harvest.ogv		MediaPanel first-harvest (chili)	Chili-Harvest-2012.jpg	https://upload.wikimedia.org/wikipedia/commons/c/c6/Chili-Harvest-2012.jpg?utm_source=commons.wikimedia.org&utm_campaign=imageinfo&utm_content=original		Wikimedia Commons contributor	CC-BY-SA	0	18.4	18.4	Chili peppers grow upright on bushy plants and can be mild or fiery hot. Farmers pick them when they turn bright red, orange, or yellow. Capsaicin is the chemical that makes chilies spicy. Handle them carefully — and wash your hands!	First-harvest ceremony for Chili Pepper	True	{'source_kind': 'photo', 'hand_pick': False, 'vo': 'ElevenLabs'}
Garden Explorer	blueberry_harvest	blueberry_harvest.ogv		MediaPanel first-harvest (blueberry)	Blueberries in harvest season.jpg	https://upload.wikimedia.org/wikipedia/commons/e/e7/Blueberries_in_harvest_season.jpg?utm_source=commons.wikimedia.org&utm_campaign=imageinfo&utm_content=original		Wikimedia Commons contributor	CC-BY-SA	0	19.0	19.0	Blueberries grow on woody bushes in clusters of little blue orbs. Farmers roll them gently into their hands when they are deep blue and sweet. Blueberries are packed with antioxidants. They are perfect in muffins, pancakes, and by the handful!	First-harvest ceremony for Blueberry	True	{'source_kind': 'photo', 'hand_pick': False, 'vo': 'ElevenLabs'}
Garden Explorer	oats_harvest	oats_harvest.ogv		MediaPanel first-harvest (oats)	Avena fatua - weedy oats - 53334392371.jpg	https://upload.wikimedia.org/wikipedia/commons/d/d8/Avena_fatua_-_weedy_oats_-_53334392371.jpg?utm_source=commons.wikimedia.org&utm_campaign=imageinfo&utm_content=original		Wikimedia Commons contributor	CC-BY-SA	0	17.0	17.0	Oats grow in soft grassy fields with dangling grain heads. Farmers cut and dry the stalks, then separate the oat grains. Those grains become oatmeal for breakfast! Oats give you long-lasting energy to play.	First-harvest ceremony for Oats — POOR FIT: Weedy oats	True	{'source_kind': 'photo', 'hand_pick': False, 'vo': 'ElevenLabs'}
